external_id,reference,project,developer,unit_type_raw,bedrooms,bathrooms,area_sqm,price_omr,status,review_flag,source_tab,notes
AHE2,AHE2,Sarooj Oasis,Sarooj Development,Semi Detached Villa,5,7,249.3,184505.5,available,false,main,sheet project: AHED Sarooj Oasis; +1 maid room (sheet beds '5+1'); GFA used; plot area 280.0 sqm
AHE1,AHE1,Sarooj Oasis,Sarooj Development,Detached Villa,5,7,279.6,233798.57,available,false,main,sheet project: AHED Sarooj Oasis; +1 maid room (sheet beds '5+1'); GFA used; plot area 393.2 sqm
AI6,AI6,AIDA,Dar Global / AIDA,Apartment,1,1,58.0,83852.0,available,false,main,
AI2,AI2,AIDA,Dar Global / AIDA,Apartment,2,2,88.0,122994.0,available,false,main,ref 'AI2' reused in sheet — dup dropped (main: Villa | AIDA | 386.29 sqm | 2102856.0 OMR); fix refs in tracker
AI5,AI5,AIDA,Dar Global / AIDA,Apartment,3,3,169.0,257655.0,available,false,main,
AI3,AI3,AIDA,Dar Global / AIDA,Villa,3,3,300.0,269290.0,available,false,main,
AI4,AI4,AIDA,Dar Global / AIDA,Villa,3,3,124.0,269290.0,available,false,main,
AI1,AI1,AIDA,Dar Global / AIDA,Villa,3,3,158.0,272010.0,available,false,main,ref 'AI1' reused in sheet — dup dropped (main: Villa | AIDA | 315.68 sqm | 1716771.0 OMR); fix refs in tracker
HAS5,HAS5,Jebel Sifah / Hawana Salalah,Muriya,Villa,4,5,234.0,335825.0,available,false,main,sheet project: Amazi; Amazi (Hawana Salalah sub-project) mapped to catalog Jebel Sifah / Hawana Salalah
HAS7,HAS7,Jebel Sifah / Hawana Salalah,Muriya,Villa,4,5,243.0,338552.0,available,false,main,sheet project: Amazi; Amazi (Hawana Salalah sub-project) mapped to catalog Jebel Sifah / Hawana Salalah
HAS4,HAS4,Jebel Sifah / Hawana Salalah,Muriya,Villa,4,5,243.0,338956.0,available,false,main,sheet project: Amazi; Amazi (Hawana Salalah sub-project) mapped to catalog Jebel Sifah / Hawana Salalah
ASD1,ASD1,AIDA,Dar Global / AIDA,Villa,3,3,106.0,163000.0,available,false,main,"sheet project: Amour Sans Detour; project inferred as AIDA (Yiti location, AD-* unit code)"
_MAR3,_MAR3,AIDA,Dar Global / AIDA,Townhouse,3,3,108.41,171328.5,available,false,main,"unit no: AD-V10M-222; sheet project: Amour Sans Détour; project inferred as AIDA (Yiti location, AD-* unit code)"
AI7,AI7,AIDA,Dar Global / AIDA,Villa,4,4,315.68,1215385.0,available,false,main,sheet project: Armani
YIT4,YIT4,AIDA,Dar Global / AIDA,Villa,5,6,487.0,1506534.0,available,false,main,sheet project: Armani
BEL1,BEL1,Bellevue,Ideal Buildings,Apartment,1,2,87.0,129900.0,available,false,main,sheet project: Bellevue Residence; developer from project catalog
BEL2,BEL2,Bellevue,Ideal Buildings,Apartment,1,2,95.0,179900.0,available,false,main,"sheet project: Bellevue Residence; developer from project catalog; +1 maid room (sheet beds '1+1'); size '95+45' — first figure used, +45 likely terrace/plot"
BEL3,BEL3,Bellevue,Ideal Buildings,Apartment,2,3,120.0,231700.0,available,false,main,"sheet project: Bellevue Residence; developer from project catalog; size '120+33' — first figure used, +33 likely terrace/plot"
BEL4,BEL4,Bellevue,Ideal Buildings,Apartment,2,3,166.0,299300.0,available,false,main,sheet project: Bellevue Residence; developer from project catalog; +1 maid room (sheet beds '2+1')
BEL5,BEL5,Bellevue,Ideal Buildings,Apartment,2,3,156.0,379900.0,available,false,main,"sheet project: Bellevue Residence; developer from project catalog; +Suite extra room(s) (sheet beds '2+Suite'); size '156+98' — first figure used, +98 likely terrace/plot"
HAS3,HAS3,Jebel Sifah / Hawana Salalah,Muriya,Apartment,1,1,65.0,47000.0,available,false,main,sheet project: Hawana Salalah; developer from project catalog
HAS1,HAS1,Jebel Sifah / Hawana Salalah,Muriya,Villa,2,3,110.0,155338.0,available,false,main,sheet project: Hawana Salalah; developer from project catalog
SHC37,SHC37,Hay Al Wafa,Al Abrar,Apartment,0,,68.66,41700.0,available,false,main,unit no: 61-Studio-101 - A; developer from project catalog; cant find the studio layout pics
SHC38,SHC38,Hay Al Wafa,Al Abrar,Apartment,0,,68.66,43590.0,available,false,main,unit no: 61-Studio-514 - A; developer from project catalog; cant find the studio layout pics
SHC34,SHC34,Hay Al Wafa,Al Abrar,Apartment,1,1,77.56,62110.0,available,false,main,unit no: 59-1BHK-C-413; developer from project catalog
SHC41,SHC41,Hay Al Wafa,Al Abrar,Apartment,2,3,160.81,103240.0,available,false,main,unit no: 59-2BHK-B1-526; developer from project catalog; +1 maid room (sheet beds '2+1')
SHC35,SHC35,Hay Al Wafa,Al Abrar,Apartment,3,4,170.47,105200.0,available,false,main,unit no: 61-DUPLEX-112; developer from project catalog; +1 maid room (sheet beds '3+1')
SHC32,SHC32,Hay Al Wafa,Al Abrar,Apartment,3,4,173.15,106360.0,available,false,main,unit no: 59-DUPLEX-102; developer from project catalog; +1 maid room (sheet beds '3+1')
SHC33,SHC33,Hay Al Wafa,Al Abrar,Apartment,3,4,173.15,109210.0,available,false,main,unit no: 59-DUPLEX-130; developer from project catalog; +1 maid room (sheet beds '3+1')
SHC36,SHC36,Hay Al Wafa,Al Abrar,Apartment,3,4,170.47,109890.0,available,false,main,unit no: 61-DUPLEX-128; developer from project catalog; +1 maid room (sheet beds '3+1')
SHC40,SHC40,Hay Al Wafa,Al Abrar,Townhouse,3,4,202.6,119534.0,available,false,main,unit no: TOWNHOUSES TYPE A; developer from project catalog; +1 maid room (sheet beds '3+1')
SHC39,SHC39,Hay Al Wafa,Al Abrar,Villa,5,7,429.88,242882.0,available,false,main,unit no: VILLA 01_ 400_5 BEDROOMS; developer from project catalog; +1 maid room (sheet beds '5+1')
SHC12,SHC12,Review — unmatched listings,,Apartment,0,1,52.0,55000.0,hold,true,main,sheet project: Iconic Tower; project 'Iconic Tower' not in project catalog — review
SHC14,SHC14,Review — unmatched listings,,Apartment,1,1,76.0,80000.0,hold,true,main,sheet project: Iconic Tower; project 'Iconic Tower' not in project catalog — review
SHC10,SHC10,Review — unmatched listings,,Apartment,2,2,104.0,115000.0,hold,true,main,sheet project: Iconic Tower; project 'Iconic Tower' not in project catalog — review
JS3,JS3,Jebel Sifah / Hawana Salalah,Muriya,Apartment,2,2,85.3,96491.0,available,false,main,sheet project: Jebel Sifa; developer from project catalog; ref 'JS3' reused in sheet — dup dropped (main: Farmhouse | Jebel Sifah / Hawana Salalah | 335.0 sqm | 120000.0 OMR); fix refs in tracker
JS2,JS2,Jebel Sifah / Hawana Salalah,Muriya,Villa,2,3,175.0,162732.0,available,false,main,sheet project: Jebel Sifa; developer from project catalog; ref 'JS2' reused in sheet — dup dropped (main: Farmhouse | Jebel Sifah / Hawana Salalah | 280.0 sqm | 99000.0 OMR); fix refs in tracker
JS4,JS4,Jebel Sifah / Hawana Salalah,Muriya,Villa,2,3,157.0,162732.0,available,false,main,sheet project: Jebel Sifa; developer from project catalog; ref 'JS4' reused in sheet — dup dropped (main: Farmhouse | Jebel Sifah / Hawana Salalah | 185.0 sqm | 77250.0 OMR); fix refs in tracker; ref 'JS4' reused in sheet — dup dropped (main: Farmhouse | Jebel Sifah / Hawana Salalah | 177.0 sqm | 99000.0 OMR); fix refs in tracker; ref 'JS4' reused in sheet — dup dropped (main: Farmhouse | Jebel Sifah / Hawana Salalah | 230.0 sqm | 123600.0 OMR); fix refs in tracker
JS5,JS5,Jebel Sifah / Hawana Salalah,Muriya,Villa,3,4,183.0,183492.0,available,false,main,sheet project: Jebel Sifa; developer from project catalog; ref 'JS5' reused in sheet — dup dropped (main: Standalone Villa | Jebel Sifah / Hawana Salalah | 514.0 sqm | 183492.14 OMR); fix refs in tracker
JS6,JS6,Jebel Sifah / Hawana Salalah,Muriya,Villa,3,4,183.0,183492.0,available,false,main,sheet project: Jebel Sifa; developer from project catalog; ref 'JS6' reused in sheet — dup dropped (main: Standalone Villa | Jebel Sifah / Hawana Salalah | 525.0 sqm | 187122.46 OMR); fix refs in tracker
JS1,JS1,Jebel Sifah / Hawana Salalah,Muriya,Villa,5,6,183.0,183492.0,available,false,main,sheet project: Jebel Sifah; developer from project catalog; ref 'JS1' reused in sheet — dup dropped (main: Farmhouse | Jebel Sifah / Hawana Salalah | 175.0 sqm | 75000.0 OMR); fix refs in tracker
ALM1,ALM1,Al Mouj Muscat,Al Mouj Muscat (MAF),Villa,6,7,907.0,1406000.0,available,false,main,sheet project: Jinan Island - Alaya
MUB4,MUB4,Muscat Bay,Saraya Bandar Jissah,Apartment,1,2,75.7,80555.0,available,false,main,unit no: 1 BR-B-EC; sheet project: LUMA Residence; LUMA Residence mapped to Muscat Bay master plan; developer from project catalog
MUB3,MUB3,Muscat Bay,Saraya Bandar Jissah,Apartment,2,,112.55,113555.0,available,false,main,unit no: 2 BR Type B-1-EC; sheet project: LUMA Residence; LUMA Residence mapped to Muscat Bay master plan; developer from project catalog
MUB06,MUB06,Muscat Bay,Saraya Bandar Jissah,Townhouse,3,3,195.46,191555.0,available,false,main,sheet project: LUMA Residence; LUMA Residence mapped to Muscat Bay master plan; developer from project catalog; +1 maid room (sheet beds '3+1')
MUB07,MUB07,Muscat Bay,Saraya Bandar Jissah,Townhouse,3,3,244.34,193555.0,available,false,main,sheet project: LUMA Residence; LUMA Residence mapped to Muscat Bay master plan; developer from project catalog; +1 maid room (sheet beds '3+1')
MUB08,MUB08,Muscat Bay,Saraya Bandar Jissah,Townhouse,3,3,265.08,196555.0,available,false,main,sheet project: LUMA Residence; LUMA Residence mapped to Muscat Bay master plan; developer from project catalog; +1 maid room (sheet beds '3+1')
MUB09,MUB09,Muscat Bay,Saraya Bandar Jissah,Townhouse,3,3,271.03,197555.0,available,false,main,sheet project: LUMA Residence; LUMA Residence mapped to Muscat Bay master plan; developer from project catalog; +1 maid room (sheet beds '3+1')
MUB5,MUB5,Muscat Bay,Saraya Bandar Jissah,Villa,3,3,271.03,197555.0,available,false,main,unit no: Z1 TH 039; sheet project: LUMA Residence; LUMA Residence mapped to Muscat Bay master plan; developer from project catalog; +1 maid room (sheet beds '3+1')
MUB2,MUB2,Muscat Bay,Saraya Bandar Jissah,Townhouse,3,3,242.17,199555.0,available,false,main,unit no: 3 BR TH Type B-EC; sheet project: LUMA Residence; LUMA Residence mapped to Muscat Bay master plan; developer from project catalog; +1 maid room (sheet beds '3+1')
MUB1,MUB1,Muscat Bay,Saraya Bandar Jissah,Villa,3,3,299.71,237555.0,available,false,main,unit no: 3 BR V Type B-EC; sheet project: LUMA Residence; LUMA Residence mapped to Muscat Bay master plan; developer from project catalog; +1 maid room (sheet beds '3+1')
MY2,MY2,AIDA,Dar Global / AIDA,Apartment,3,3,194.0,390550.0,available,false,main,sheet project: Marriot
MY1,MY1,AIDA,Dar Global / AIDA,Apartment,3,3,194.0,402505.0,available,false,main,sheet project: Marriot
MY4,MY4,AIDA,Dar Global / AIDA,Apartment,1,1,60.0,111170.0,available,false,main,sheet project: Marriot Golf Residences
MY3,MY3,AIDA,Dar Global / AIDA,Apartment,2,2,96.0,177430.0,available,false,main,sheet project: Marriot Golf Residences
MY5,MY5,AIDA,Dar Global / AIDA,Apartment,2,2,132.0,266520.0,available,false,main,sheet project: Marriot Golf Residences
_MAR1,_MAR1,AIDA,Dar Global / AIDA,Apartment,2,2,96.95,207273.0,available,false,main,unit no: MRA-3-301; sheet project: Marriott Residences
_MAR2,_MAR2,AIDA,Dar Global / AIDA,Apartment,3,4,194.47,422630.25,available,false,main,unit no: MRA-3-904; sheet project: Marriott Residences; +1 maid room (sheet beds '3+1')
MB8,MB8,Muscat Bay,Saraya Bandar Jissah,Apartment,2,3,200.0,200000.0,available,false,main,developer from project catalog
MB1,MB1,Muscat Bay,Saraya Bandar Jissah,Villa,5,6,750.35,950000.0,available,false,main,developer from project catalog
NHR1,NHR1,AIDA,Dar Global / AIDA,Apartment,1,1,42.51,82940.0,available,false,main,sheet project: Nickelodeon Hotels & Resorts
NHR4,NHR4,AIDA,Dar Global / AIDA,Apartment,1,1,40.51,82940.0,available,false,main,sheet project: Nickelodeon Hotels & Resorts
NHR5,NHR5,AIDA,Dar Global / AIDA,Apartment,1,1,40.51,86100.0,available,false,main,sheet project: Nickelodeon Hotels & Resorts
NHR6,NHR6,AIDA,Dar Global / AIDA,Apartment,1,1,44.29,95000.0,available,false,main,sheet project: Nickelodeon Hotels & Resorts
NHR7,NHR7,AIDA,Dar Global / AIDA,Apartment,1,1,44.29,95860.0,available,false,main,sheet project: Nickelodeon Hotels & Resorts
NHR8,NHR8,AIDA,Dar Global / AIDA,Apartment,1,1,57.32,122940.0,available,false,main,sheet project: Nickelodeon Hotels & Resorts
NHR9,NHR9,AIDA,Dar Global / AIDA,Apartment,1,1,57.32,124060.0,available,false,main,sheet project: Nickelodeon Hotels & Resorts
NHR10,NHR10,AIDA,Dar Global / AIDA,Apartment,1,1,57.32,127410.0,available,false,main,sheet project: Nickelodeon Hotels & Resorts
NHR2,NHR2,AIDA,Dar Global / AIDA,Apartment,2,2,69.73,135960.0,available,false,main,sheet project: Nickelodeon Hotels & Resorts
NHR3,NHR3,AIDA,Dar Global / AIDA,Apartment,3,3,154.39,325120.0,available,false,main,sheet project: Nickelodeon Hotels & Resorts
JS7,JS7,Jebel Sifah / Hawana Salalah,Muriya,Standalone Villa,3,3,525.0,189196.31,available,false,main,sheet project: Raya Villa; ref 'JS7' reused in sheet — dup dropped (main: Standalone Villa | Jebel Sifah / Hawana Salalah | 656.0 sqm | 212830.0 OMR); fix refs in tracker
JS8,JS8,Jebel Sifah / Hawana Salalah,Muriya,Standalone Villa,2,2,739.0,219800.0,available,false,main,sheet project: Raya Villa; ref 'JS8' reused in sheet — dup dropped (main: Apartment | Jebel Sifah / Hawana Salalah | 37.5 sqm | 44818.0 OMR); fix refs in tracker; ref 'JS8' reused in sheet — dup dropped (main: Apartment | Jebel Sifah / Hawana Salalah | 37.1 sqm | 45869.0 OMR); fix refs in tracker; ref 'JS8' reused in sheet — dup dropped (main: Apartment | Jebel Sifah / Hawana Salalah | 37.5 sqm | 46364.0 OMR); fix refs in tracker; ref 'JS8' reused in sheet — dup dropped (main: Apartment | Jebel Sifah / Hawana Salalah | 38.0 sqm | 46982.0 OMR); fix refs in tracker; ref 'JS8' reused in sheet — dup dropped (main: Apartment | Jebel Sifah / Hawana Salalah | 85.3 sqm | 90460.65 OMR); fix refs in tracker; ref 'JS8' reused in sheet — dup dropped (main: Apartment | Jebel Sifah / Hawana Salalah | 85.3 sqm | 91322.18 OMR); fix refs in tracker; ref 'JS8' reused in sheet — dup dropped (main: Apartment | Jebel Sifah / Hawana Salalah | 85.3 sqm | 93045.24 OMR); fix refs in tracker; ref 'JS8' reused in sheet — dup dropped (main: Apartment | Jebel Sifah / Hawana Salalah | 174.3 sqm | 96491.36 OMR); fix refs in tracker; ref 'JS8' reused in sheet — dup dropped (main: Apartment | Jebel Sifah / Hawana Salalah | 197.5 sqm | 98827.0 OMR); fix refs in tracker
HSH1,HSH1,Jebel Sifah / Hawana Salalah,Muriya,Apartment,1,1,,72852.0,available,false,main,unit no: RV40A; sheet project: Riviera Residences; no size in sheet
SAR2,SAR2,Sarooj Oasis,Sarooj Development,Apartment,2,3,109.0,86982.0,available,false,main,unit no: Type: 2 BHK – Type A
SHC27,SHC27,Sarooj Oasis,Sarooj Development,Villa,5,5,249.0,178000.0,available,false,main,
SHC7,SHC7,Sarooj Oasis,Sarooj Development,Villa,5,5,249.3,178000.0,available,false,main,ref 'SHC7' reused in sheet — dup dropped (main: Villa | Review — unmatched listings | 413.0 sqm | 310000.0 OMR); fix refs in tracker
JS9,JS9,Jebel Sifah / Hawana Salalah,Muriya,Apartment,2,2,184.6,109224.0,available,false,main,sheet project: Solaris Apartment
YIT8,YIT8,The Sustainable City — Yiti,Diamond Developers,Villa,4,4,256.5,241255.0,available,false,main,sheet project: Sustainable City; developer from project catalog
YIT9,YIT9,The Sustainable City — Yiti,Diamond Developers,Villa,4,4,257.84,281101.0,available,false,main,sheet project: Sustainable City; developer from project catalog
YIT10,YIT10,The Sustainable City — Yiti,Diamond Developers,Villa,4,6,286.94,326456.78,available,false,main,sheet project: Sustainable City; developer from project catalog
SCY1,SCY1,The Sustainable City — Yiti,Diamond Developers,Apartment,1,2,83.03,89451.0,available,false,main,unit no: APT-304; sheet project: Sustainable City Yiti; developer from project catalog
SCY2,SCY2,The Sustainable City — Yiti,Diamond Developers,Apartment,2,3,118.06,138493.0,available,false,main,unit no: APT-2D1; sheet project: Sustainable City Yiti; developer from project catalog
SCY3,SCY3,The Sustainable City — Yiti,Diamond Developers,Apartment,3,4,172.03,223705.0,available,false,main,unit no: APT-303; sheet project: Sustainable City Yiti; developer from project catalog; +1 maid room (sheet beds '3+1')
SCY4,SCY4,The Sustainable City — Yiti,Diamond Developers,Courtyard Villa,3,5,253.74,238747.0,available,false,main,unit no: Villa.305; sheet project: Sustainable City Yiti; developer from project catalog; +1 maid room (sheet beds '3+1')
SCY5,SCY5,The Sustainable City — Yiti,Diamond Developers,Courtyard Villa,4,6,263.83,264711.0,available,false,main,unit no: Villa.536; sheet project: Sustainable City Yiti; developer from project catalog; +1 maid room (sheet beds '4+1')
YIT3,YIT3,The Sustainable City — Yiti,Diamond Developers,Villa,4,4,260.11,274596.0,available,false,main,sheet project: Sustainable City Yiti; developer from project catalog
SCY6,SCY6,The Sustainable City — Yiti,Diamond Developers,Garden Villa,4,6,506.05,455618.0,available,false,main,unit no: Villa.802; sheet project: Sustainable City Yiti; developer from project catalog; +1 maid room (sheet beds '4+1')
TGE1,TGE1,AIDA,Dar Global / AIDA,Apartment,1,1,59.9,93000.0,available,false,main,unit no: TGB-1-112; sheet project: The Great Escape; Owner (Asil Selling Her Aprtmnt From Aida): +90 553 796 50 77; ref 'TGE1' reused in sheet — dup dropped (main_tab2: Apartment | AIDA | 59.9 sqm | 80461.5 OMR); fix refs in tracker
AI9,AI9,AIDA,Dar Global / AIDA,Villa,3,3,120.0,455000.0,available,false,main,sheet project: Trump Cliff Villas; Trump = AIDA branded residence (per catalog)
AI10,AI10,AIDA,Dar Global / AIDA,Villa,4,4,170.0,514755.0,available,false,main,sheet project: Trump Cliff Villas; Trump = AIDA branded residence (per catalog)
AI8,AI8,AIDA,Dar Global / AIDA,Villa,3,3,166.0,716000.0,available,false,main,sheet project: Trump Cliff Villas; Trump = AIDA branded residence (per catalog)
TGV3,TGV3,AIDA,Dar Global / AIDA,Villa,3,3,128.0,385380.0,available,false,main,sheet project: Trump Golf Villa; Trump = AIDA branded residence (per catalog)
TGV2,TGV2,AIDA,Dar Global / AIDA,Villa,5,5,405.0,905000.0,available,false,main,sheet project: Trump Golf Villa; Trump = AIDA branded residence (per catalog)
TGV1,TGV1,AIDA,Dar Global / AIDA,Villa,5,5,405.0,922000.0,available,false,main,sheet project: Trump Golf Villa; Trump = AIDA branded residence (per catalog)
SHC8,SHC8,Review — unmatched listings,,Apartment,3,3,150.0,145000.0,hold,true,main,sheet project: Villa Coconut; project 'Villa Coconut' not in project catalog — review
WAZ5,WAZ5,Wadi Zaha,Al Ahly Sabbour,Apartment,0,1,56.0,49875.0,available,false,main,unit no: E26-D408
SHC25,SHC25,Wadi Zaha,Al Ahly Sabbour,Apartment,1,2,70.0,58151.28,available,false,main,
SHC23,SHC23,Wadi Zaha,Al Ahly Sabbour,Apartment,1,2,70.0,61799.06,available,false,main,
SHC21,SHC21,Wadi Zaha,Al Ahly Sabbour,Apartment,1,2,70.0,63661.9,available,false,main,
WAZ1,WAZ1,Wadi Zaha,Al Ahly Sabbour,Apartment,1,2,80.0,65008.0,available,false,main,unit no: E26-B401
SHC19,SHC19,Wadi Zaha,Al Ahly Sabbour,Apartment,2,3,70.0,81375.84,available,false,main,
SHC30,SHC30,Wadi Zaha,Al Ahly Sabbour,Apartment,2,3,90.0,82948.0,available,false,main,sheet project: Wadi ZAha
SHC24,SHC24,Wadi Zaha,Al Ahly Sabbour,Apartment,2,3,90.0,86088.48,available,false,main,ref 'SHC24' reused in sheet — dup dropped (main: Apartment | Yenaier Residences / Hay Al We'am | 95.0 sqm | 59296.0 OMR); fix refs in tracker
SHC22,SHC22,Wadi Zaha,Al Ahly Sabbour,Apartment,3,5,110.0,109079.81,available,false,main,
WAZ2,WAZ2,Wadi Zaha,Al Ahly Sabbour,Apartment,3,3,175.0,113636.0,available,false,main,unit no: E26-B501
SHC18,SHC18,Wadi Zaha,Al Ahly Sabbour,Apartment,3,5,110.0,114137.1,available,false,main,
WAZ3,WAZ3,Wadi Zaha,Al Ahly Sabbour,Penthouse Apartmnet,2,4,163.0,148313.0,available,false,main,unit no: E26-D601
SHC31,SHC31,Wadi Zaha,Al Ahly Sabbour,Apartment,3,5,120.0,158186.0,available,false,main,sheet project: Wadi ZAha
HAS6,HAS6,Wadi Zaha,Al Ahly Sabbour,Apartment,3,5,120.0,160491.24,available,false,main,
SHC15,SHC15,Wadi Zaha,Al Ahly Sabbour,Apartment,3,5,120.0,161295.75,available,false,main,
SHC28,SHC28,Wadi Zaha,Al Ahly Sabbour,Villa,3,3,210.0,169000.0,available,false,main,
SHC17,SHC17,Wadi Zaha,Al Ahly Sabbour,Townhouse,3,5,120.0,184550.63,available,false,main,
SHC13,SHC13,Wadi Zaha,Al Ahly Sabbour,Villa,4,4,380.0,340000.0,available,false,main,
SHC16,SHC16,Wadi Zaha,Al Ahly Sabbour,Villa,4,6,140.0,340016.04,available,false,main,
WAZ4,WAZ4,Wadi Zaha,Al Ahly Sabbour,Lavish Villa,4,7,482.57,345549.0,available,false,main,unit no: E24-V001; +2 extra room(s) (sheet beds '4+2')
SHC29,SHC29,Yenaier Residences / Hay Al We'am,Adrak / Adanté,Apartment,3,3,193.0,120987.0,available,false,main,sheet project: Yenaier Residence; developer from project catalog
SHC20,SHC20,Yenaier Residences / Hay Al We'am,Adrak / Adanté,Apartment,0,1,72.0,46650.0,available,false,main,sheet project: Yenaier Residence; developer from project catalog
SHC26,SHC26,Yenaier Residences / Hay Al We'am,Adrak / Adanté,Apartment,2,2,157.0,98568.0,available,false,main,sheet project: Yenaier Residence; developer from project catalog
SHC11,SHC11,Yenaier Residences / Hay Al We'am,Adrak / Adanté,Apartment,3,2,196.0,110000.0,available,false,main,sheet project: Yenaier Residence; developer from project catalog
YEN1,YEN1,Yenaier Residences / Hay Al We'am,Adrak / Adanté,Apartment,0,1,72.0,52647.0,available,false,main,unit no: ID:100.L1.SD.04; sheet project: Yenaier Residence; developer from project catalog
YEN2,YEN2,Yenaier Residences / Hay Al We'am,Adrak / Adanté,Apartment,1,1,95.0,69855.0,available,false,main,unit no: ID:100.L1.1BHK.06; sheet project: Yenaier Residence; developer from project catalog
YEN3,YEN3,Yenaier Residences / Hay Al We'am,Adrak / Adanté,Apartment,2,2,139.0,102127.0,available,false,main,unit no: ID:100.L1.2BHK.05; sheet project: Yenaier Residence; developer from project catalog
YEN4,YEN4,Yenaier Residences / Hay Al We'am,Adrak / Adanté,Apartment,3,3,676.0,506077.0,available,false,main,"unit no: ID:100.PH.01; sheet project: Yenaier Residence; developer from project catalog; also in developer price list as ID:100.PH.01 (Sky Palace, sellable 1136.0 sqm)"
UNMATCHED-001,UNMATCHED-001,Review — unmatched listings,,Elite Ads,,,,,hold,true,dubizzle_ads,"Dubizzle-only ad — no unit ref; review before selling; ad slot: Elite Ads x8, 10days; no price in sheet; unmappable sheet type 'Elite Ads' — defaulted to apartment"
UNMATCHED-002,UNMATCHED-002,Review — unmatched listings,,Feature Ads,,,,,hold,true,dubizzle_ads,"Dubizzle-only ad — no unit ref; review before selling; ad slot: Feature Ads x37, 30days; no price in sheet; unmappable sheet type 'Feature Ads' — defaulted to apartment"
UNMATCHED-003,UNMATCHED-003,Review — unmatched listings,,Premium Ads,,,,,hold,true,dubizzle_ads,"Dubizzle-only ad — no unit ref; review before selling; ad slot: Premium Ads x132, 30days; no price in sheet; unmappable sheet type 'Premium Ads' — defaulted to apartment"
UNMATCHED-004,UNMATCHED-004,Review — unmatched listings,,Elite,,,,,hold,true,dubizzle_ads,"Dubizzle-only ad — no unit ref; review before selling; ad slot: Elite x38 (new package, expiry Feb 2027); no price in sheet; unmappable sheet type 'Elite' — defaulted to apartment"
UNMATCHED-005,UNMATCHED-005,Review — unmatched listings,,Feature,,,,,hold,true,dubizzle_ads,"Dubizzle-only ad — no unit ref; review before selling; ad slot: Feature x225 (new package, expiry Feb 2027); no price in sheet; unmappable sheet type 'Feature' — defaulted to apartment"
UNMATCHED-006,UNMATCHED-006,Review — unmatched listings,,Premium,,,,,hold,true,dubizzle_ads,"Dubizzle-only ad — no unit ref; review before selling; ad slot: Premium x960 (new package, expiry Feb 2027); no price in sheet; unmappable sheet type 'Premium' — defaulted to apartment"
SAR1,SAR1,Sarooj Oasis,Sarooj Development,Apartment,1,2,66.0,52668.0,available,false,sarooj_tab,unit no: Type: 1 BHK – Type A; website not deleted
ID:100.L1.3BHK.02,ID:100.L1.3BHK.02,Yenaier Residences / Hay Al We'am,Adrak / Adanté,Sky Villa,3,,196.0,110640.0,available,false,sky_price_list,"project inferred: Yenaier Residence (ID:100.* scheme matches main-tab YEN refs; ID:100.PH.01 price equals YEN4); Level 1; BUA 130.0 + terrace 66.0 = sellable 196.0 sqm; second (current) list price 116,172 OMR — first price column used; dub 3.10.2026"
ID:100.L1.3BHK.04,ID:100.L1.3BHK.04,Yenaier Residences / Hay Al We'am,Adrak / Adanté,Sky Villa,3,,190.0,115044.0,available,false,sky_price_list,"project inferred: Yenaier Residence (ID:100.* scheme matches main-tab YEN refs; ID:100.PH.01 price equals YEN4); Level 1; BUA 135.0 + terrace 55.0 = sellable 190.0 sqm; second (current) list price 120,796 OMR — first price column used; dub 3.10.2026"
ID:100.L1.2BHK.07,ID:100.L1.2BHK.07,Yenaier Residences / Hay Al We'am,Adrak / Adanté,Sky Residence,2,,151.0,82235.0,available,false,sky_price_list,"project inferred: Yenaier Residence (ID:100.* scheme matches main-tab YEN refs; ID:100.PH.01 price equals YEN4); Level 1; BUA 97.0 + terrace 54.0 = sellable 151.0 sqm; second (current) list price 86,347 OMR — first price column used; dub 3.10.2026; sheet type 'Sky Residence' mapped to apartment"
ID:100.L1.2BHK.10,ID:100.L1.2BHK.10,Yenaier Residences / Hay Al We'am,Adrak / Adanté,Sky Residence,2,,153.0,90301.0,available,false,sky_price_list,"project inferred: Yenaier Residence (ID:100.* scheme matches main-tab YEN refs; ID:100.PH.01 price equals YEN4); Level 1; BUA 106.0 + terrace 47.0 = sellable 153.0 sqm; second (current) list price 94,817 OMR — first price column used; dub 3.10.2026; sheet type 'Sky Residence' mapped to apartment"
ID:100.L1.SD.05,ID:100.L1.SD.05,Yenaier Residences / Hay Al We'am,Adrak / Adanté,Loggia Studio,0,,75.0,46827.0,available,false,sky_price_list,"project inferred: Yenaier Residence (ID:100.* scheme matches main-tab YEN refs; ID:100.PH.01 price equals YEN4); Level 1; BUA 55.0 + terrace 20.0 = sellable 75.0 sqm; second (current) list price 49,168 OMR — first price column used; dub 3.11.2026"
ID:100.L2.3BHK.04,ID:100.L2.3BHK.04,Yenaier Residences / Hay Al We'am,Adrak / Adanté,Sky Villa,3,,190.0,115044.0,available,false,sky_price_list,"project inferred: Yenaier Residence (ID:100.* scheme matches main-tab YEN refs; ID:100.PH.01 price equals YEN4); Level 2; BUA 135.0 + terrace 55.0 = sellable 190.0 sqm; second (current) list price 120,796 OMR — first price column used; dub 3.11.2026"
ID:100.L2.2BHK.08,ID:100.L2.2BHK.08,Yenaier Residences / Hay Al We'am,Adrak / Adanté,Sky Residence,2,,163.0,86959.0,available,false,sky_price_list,"project inferred: Yenaier Residence (ID:100.* scheme matches main-tab YEN refs; ID:100.PH.01 price equals YEN4); Level 2; BUA 102.0 + terrace 61.0 = sellable 163.0 sqm; second (current) list price 91,307 OMR — first price column used; dub 3.11.2026; sheet type 'Sky Residence' mapped to apartment"
ID:100.L4.2BHK.09,ID:100.L4.2BHK.09,Yenaier Residences / Hay Al We'am,Adrak / Adanté,Sky Residence,2,,145.0,82450.0,available,false,sky_price_list,"project inferred: Yenaier Residence (ID:100.* scheme matches main-tab YEN refs; ID:100.PH.01 price equals YEN4); Level 4; BUA 97.0 + terrace 48.0 = sellable 145.0 sqm; second (current) list price 86,573 OMR — first price column used; dub 3.11.2026; sheet type 'Sky Residence' mapped to apartment"
ID:100.L6.SD.07,ID:100.L6.SD.07,Yenaier Residences / Hay Al We'am,Adrak / Adanté,Loggia Studio,0,,64.0,49052.0,available,false,sky_price_list,"project inferred: Yenaier Residence (ID:100.* scheme matches main-tab YEN refs; ID:100.PH.01 price equals YEN4); Level 6; BUA 55.0 + terrace 9.0 = sellable 64.0 sqm; second (current) list price 51,504 OMR — first price column used; dub 3.11.2026"
ID:100.L7.2BHK.10,ID:100.L7.2BHK.10,Yenaier Residences / Hay Al We'am,Adrak / Adanté,Sky Residence,2,,150.0,97480.0,available,false,sky_price_list,"project inferred: Yenaier Residence (ID:100.* scheme matches main-tab YEN refs; ID:100.PH.01 price equals YEN4); Level 7; BUA 107.0 + terrace 43.0 = sellable 150.0 sqm; second (current) list price 102,354 OMR — first price column used; dub 3.11.2026; sheet type 'Sky Residence' mapped to apartment"
ID:100.L1.SD.06,ID:100.L1.SD.06,Yenaier Residences / Hay Al We'am,Adrak / Adanté,Loggia Studio,0,,65.0,46861.0,available,false,sky_price_list,"project inferred: Yenaier Residence (ID:100.* scheme matches main-tab YEN refs; ID:100.PH.01 price equals YEN4); Level 1; BUA 55.0 + terrace 10.0 = sellable 65.0 sqm; second (current) list price 49,204 OMR — first price column used; dub 3.14.2026"
ID:100.L2.2BHK.10,ID:100.L2.2BHK.10,Yenaier Residences / Hay Al We'am,Adrak / Adanté,Sky Residence,2,,153.0,90301.0,available,false,sky_price_list,"project inferred: Yenaier Residence (ID:100.* scheme matches main-tab YEN refs; ID:100.PH.01 price equals YEN4); Level 2; BUA 106.0 + terrace 47.0 = sellable 153.0 sqm; second (current) list price 94,817 OMR — first price column used; dub 3.14.2026; sheet type 'Sky Residence' mapped to apartment"
ID:100.L3.3BHK.04,ID:100.L3.3BHK.04,Yenaier Residences / Hay Al We'am,Adrak / Adanté,Sky Villa,3,,190.0,115044.0,available,false,sky_price_list,"project inferred: Yenaier Residence (ID:100.* scheme matches main-tab YEN refs; ID:100.PH.01 price equals YEN4); Level 3; BUA 135.0 + terrace 55.0 = sellable 190.0 sqm; second (current) list price 120,796 OMR — first price column used; dub 3.14.2026"
ID:100.L7.3BHK.04,ID:100.L7.3BHK.04,Yenaier Residences / Hay Al We'am,Adrak / Adanté,Sky Villa,3,,189.0,119436.0,available,false,sky_price_list,"project inferred: Yenaier Residence (ID:100.* scheme matches main-tab YEN refs; ID:100.PH.01 price equals YEN4); Level 7; BUA 131.0 + terrace 58.0 = sellable 189.0 sqm; second (current) list price 125,407 OMR — first price column used; dub 3.14.2026"
ID:100.L7.2BHK.08,ID:100.L7.2BHK.08,Yenaier Residences / Hay Al We'am,Adrak / Adanté,Sky Residence,2,,155.0,94961.0,available,false,sky_price_list,"project inferred: Yenaier Residence (ID:100.* scheme matches main-tab YEN refs; ID:100.PH.01 price equals YEN4); Level 7; BUA 104.0 + terrace 50.0 = sellable 155.0 sqm; second (current) list price 99,709 OMR — first price column used; dub 3.14.2026; sheet type 'Sky Residence' mapped to apartment"
ID:100.L7.2BHK.09,ID:100.L7.2BHK.09,Yenaier Residences / Hay Al We'am,Adrak / Adanté,Sky Residence,2,,145.0,87339.0,available,false,sky_price_list,"project inferred: Yenaier Residence (ID:100.* scheme matches main-tab YEN refs; ID:100.PH.01 price equals YEN4); Level 7; BUA 96.0 + terrace 49.0 = sellable 145.0 sqm; second (current) list price 91,706 OMR — first price column used; dub 3.14.2026; sheet type 'Sky Residence' mapped to apartment"
ID:100.L7.SD.07,ID:100.L7.SD.07,Yenaier Residences / Hay Al We'am,Adrak / Adanté,Loggia Studio,0,,64.0,49986.0,available,false,sky_price_list,"project inferred: Yenaier Residence (ID:100.* scheme matches main-tab YEN refs; ID:100.PH.01 price equals YEN4); Level 7; BUA 55.0 + terrace 9.0 = sellable 64.0 sqm; second (current) list price 52,485 OMR — first price column used; dub 3.14.2026"
ID:100.PH.01,ID:100.PH.01,Yenaier Residences / Hay Al We'am,Adrak / Adanté,Sky Palace,,,1136.0,506077.0,available,false,sky_price_list,"project inferred: Yenaier Residence (ID:100.* scheme matches main-tab YEN refs; ID:100.PH.01 price equals YEN4); floor: #REF! error in sheet; BUA 460.0 + terrace 676.0 = sellable 1136.0 sqm; second (current) list price 531,381 OMR — first price column used; dub 3.14.2026; sheet type 'Sky Palace' mapped to penthouse (ID:100.PH.* = penthouse); same physical unit as main-tab ref YEN4 (kept both; external ids differ)"
ID:100.L1.SD.07,ID:100.L1.SD.07,Yenaier Residences / Hay Al We'am,Adrak / Adanté,Loggia Studio,0,,64.0,46716.0,available,false,sky_price_list,"project inferred: Yenaier Residence (ID:100.* scheme matches main-tab YEN refs; ID:100.PH.01 price equals YEN4); Level 1; BUA 55.0 + terrace 9.0 = sellable 64.0 sqm; second (current) list price 49,052 OMR — first price column used; dub 3.15.2026"
ID:100.L3.2BHK.10,ID:100.L3.2BHK.10,Yenaier Residences / Hay Al We'am,Adrak / Adanté,Sky Residence,2,,153.0,90301.0,available,false,sky_price_list,"project inferred: Yenaier Residence (ID:100.* scheme matches main-tab YEN refs; ID:100.PH.01 price equals YEN4); Level 3; BUA 106.0 + terrace 47.0 = sellable 153.0 sqm; second (current) list price 94,817 OMR — first price column used; dub 3.16.2026; sheet type 'Sky Residence' mapped to apartment"
ID:100.L6.3BHK.01,ID:100.L6.3BHK.01,Yenaier Residences / Hay Al We'am,Adrak / Adanté,Sky Villa,3,,214.0,122692.0,available,false,sky_price_list,"project inferred: Yenaier Residence (ID:100.* scheme matches main-tab YEN refs; ID:100.PH.01 price equals YEN4); Level 6; BUA 137.0 + terrace 77.0 = sellable 214.0 sqm; second (current) list price 128,827 OMR — first price column used; dub 3.16.2026"
ID:100.L6.2BHK.02,ID:100.L6.2BHK.02,Yenaier Residences / Hay Al We'am,Adrak / Adanté,Sky Residence,2,,145.0,85162.0,available,false,sky_price_list,"project inferred: Yenaier Residence (ID:100.* scheme matches main-tab YEN refs; ID:100.PH.01 price equals YEN4); Level 6; BUA 95.0 + terrace 49.0 = sellable 145.0 sqm; second (current) list price 89,420 OMR — first price column used; dub 3.16.2026; sheet type 'Sky Residence' mapped to apartment"
ID:100.L2.SD.07,ID:100.L2.SD.07,Yenaier Residences / Hay Al We'am,Adrak / Adanté,Loggia Studio,0,,64.0,46716.0,available,false,sky_price_list,"project inferred: Yenaier Residence (ID:100.* scheme matches main-tab YEN refs; ID:100.PH.01 price equals YEN4); Level 2; BUA 55.0 + terrace 9.0 = sellable 64.0 sqm; second (current) list price 49,052 OMR — first price column used; dub 3.17.2026"
ID:100.L4.3BHK.02,ID:100.L4.3BHK.02,Yenaier Residences / Hay Al We'am,Adrak / Adanté,Sky Villa,3,,194.0,110640.0,available,false,sky_price_list,"project inferred: Yenaier Residence (ID:100.* scheme matches main-tab YEN refs; ID:100.PH.01 price equals YEN4); Level 4; BUA 130.0 + terrace 63.0 = sellable 194.0 sqm; second (current) list price 116,172 OMR — first price column used; dub 3.17.2026"
ID:100.L4.2BHK.10,ID:100.L4.2BHK.10,Yenaier Residences / Hay Al We'am,Adrak / Adanté,Sky Residence,2,,153.0,90301.0,available,false,sky_price_list,"project inferred: Yenaier Residence (ID:100.* scheme matches main-tab YEN refs; ID:100.PH.01 price equals YEN4); Level 4; BUA 106.0 + terrace 47.0 = sellable 153.0 sqm; second (current) list price 94,817 OMR — first price column used; dub 3.17.2026; sheet type 'Sky Residence' mapped to apartment"
ID:100.L1.SD.08,ID:100.L1.SD.08,Yenaier Residences / Hay Al We'am,Adrak / Adanté,Loggia Studio,0,,76.0,46495.0,available,false,sky_price_list,"project inferred: Yenaier Residence (ID:100.* scheme matches main-tab YEN refs; ID:100.PH.01 price equals YEN4); Level 1; BUA 55.0 + terrace 21.0 = sellable 76.0 sqm; second (current) list price 48,820 OMR — first price column used; dub 3.18.2026"
ID:100.L2.SD.06,ID:100.L2.SD.06,Yenaier Residences / Hay Al We'am,Adrak / Adanté,Loggia Studio,0,,65.0,46861.0,available,false,sky_price_list,"project inferred: Yenaier Residence (ID:100.* scheme matches main-tab YEN refs; ID:100.PH.01 price equals YEN4); Level 2; BUA 55.0 + terrace 10.0 = sellable 65.0 sqm; second (current) list price 49,204 OMR — first price column used; dub 3.18.2026"
ID:100.L2.SD.08,ID:100.L2.SD.08,Yenaier Residences / Hay Al We'am,Adrak / Adanté,Loggia Studio,0,,75.0,46495.0,available,false,sky_price_list,"project inferred: Yenaier Residence (ID:100.* scheme matches main-tab YEN refs; ID:100.PH.01 price equals YEN4); Level 2; BUA 55.0 + terrace 21.0 = sellable 75.0 sqm; second (current) list price 48,820 OMR — first price column used; dub 3.24.2026"
ID:100.L6.3BHK.02,ID:100.L6.3BHK.02,Yenaier Residences / Hay Al We'am,Adrak / Adanté,Sky Villa,3,,192.0,120818.0,available,false,sky_price_list,"project inferred: Yenaier Residence (ID:100.* scheme matches main-tab YEN refs; ID:100.PH.01 price equals YEN4); Level 6; BUA 135.0 + terrace 57.0 = sellable 192.0 sqm; second (current) list price 126,859 OMR — first price column used; dub 3.24.2026"
ID:100.L6.2BHK.04,ID:100.L6.2BHK.04,Yenaier Residences / Hay Al We'am,Adrak / Adanté,Sky Residence,2,,158.0,95551.0,available,false,sky_price_list,"project inferred: Yenaier Residence (ID:100.* scheme matches main-tab YEN refs; ID:100.PH.01 price equals YEN4); Level 6; BUA 107.0 + terrace 51.0 = sellable 158.0 sqm; second (current) list price 100,329 OMR — first price column used; dub 3.24.2026; sheet type 'Sky Residence' mapped to apartment"
ID:100.L7.3BHK.01,ID:100.L7.3BHK.01,Yenaier Residences / Hay Al We'am,Adrak / Adanté,Sky Villa,3,,216.0,125029.0,available,false,sky_price_list,"project inferred: Yenaier Residence (ID:100.* scheme matches main-tab YEN refs; ID:100.PH.01 price equals YEN4); Level 7; BUA 137.0 + terrace 78.0 = sellable 216.0 sqm; second (current) list price 131,280 OMR — first price column used; dub 3.24.2026"
ID:100.L7.2BHK.01,ID:100.L7.2BHK.01,Yenaier Residences / Hay Al We'am,Adrak / Adanté,Sky Residence,2,,155.0,94151.0,available,false,sky_price_list,"project inferred: Yenaier Residence (ID:100.* scheme matches main-tab YEN refs; ID:100.PH.01 price equals YEN4); Level 7; BUA 104.0 + terrace 51.0 = sellable 155.0 sqm; second (current) list price 98,859 OMR — first price column used; dub 3.24.2026; sheet type 'Sky Residence' mapped to apartment"
ID:100.L7.SD.01,ID:100.L7.SD.01,Yenaier Residences / Hay Al We'am,Adrak / Adanté,Loggia Studio,0,,71.0,49504.0,available,false,sky_price_list,"project inferred: Yenaier Residence (ID:100.* scheme matches main-tab YEN refs; ID:100.PH.01 price equals YEN4); Level 7; BUA 54.0 + terrace 17.0 = sellable 71.0 sqm; second (current) list price 51,979 OMR — first price column used; dub 3.24.2026"
ID:100.L7.SD.02,ID:100.L7.SD.02,Yenaier Residences / Hay Al We'am,Adrak / Adanté,Loggia Studio,0,,71.0,49604.0,available,false,sky_price_list,"project inferred: Yenaier Residence (ID:100.* scheme matches main-tab YEN refs; ID:100.PH.01 price equals YEN4); Level 7; BUA 55.0 + terrace 16.0 = sellable 71.0 sqm; second (current) list price 52,084 OMR — first price column used; dub 3.24.2026"
ID:100.L3.SD.06,ID:100.L3.SD.06,Yenaier Residences / Hay Al We'am,Adrak / Adanté,Loggia Studio,0,,65.0,46861.0,available,false,sky_price_list,"project inferred: Yenaier Residence (ID:100.* scheme matches main-tab YEN refs; ID:100.PH.01 price equals YEN4); Level 3; BUA 55.0 + terrace 10.0 = sellable 65.0 sqm; second (current) list price 49,204 OMR — first price column used; dub 3.25.2026"
ID:100.L3.SD.07,ID:100.L3.SD.07,Yenaier Residences / Hay Al We'am,Adrak / Adanté,Loggia Studio,0,,64.0,46716.0,available,false,sky_price_list,"project inferred: Yenaier Residence (ID:100.* scheme matches main-tab YEN refs; ID:100.PH.01 price equals YEN4); Level 3; BUA 55.0 + terrace 9.0 = sellable 64.0 sqm; second (current) list price 49,052 OMR — first price column used; dub 3.25.2026"
ID:100.L6.3BHK.04,ID:100.L6.3BHK.04,Yenaier Residences / Hay Al We'am,Adrak / Adanté,Sky Villa,3,,189.0,117203.0,available,false,sky_price_list,"project inferred: Yenaier Residence (ID:100.* scheme matches main-tab YEN refs; ID:100.PH.01 price equals YEN4); Level 6; BUA 131.0 + terrace 58.0 = sellable 189.0 sqm; second (current) list price 123,063 OMR — first price column used; dub 3.26.2026"
ID:100.L6.2BHK.06,ID:100.L6.2BHK.06,Yenaier Residences / Hay Al We'am,Adrak / Adanté,Sky Residence,2,,133.0,95069.0,available,false,sky_price_list,"project inferred: Yenaier Residence (ID:100.* scheme matches main-tab YEN refs; ID:100.PH.01 price equals YEN4); Level 6; BUA 107.0 + terrace 27.0 = sellable 133.0 sqm; second (current) list price 99,823 OMR — first price column used; dub 3.26.2026; sheet type 'Sky Residence' mapped to apartment"
ID:100.L6.2BHK.07,ID:100.L6.2BHK.07,Yenaier Residences / Hay Al We'am,Adrak / Adanté,Sky Residence,2,,150.0,96515.0,available,false,sky_price_list,"project inferred: Yenaier Residence (ID:100.* scheme matches main-tab YEN refs; ID:100.PH.01 price equals YEN4); Level 6; BUA 108.0 + terrace 42.0 = sellable 150.0 sqm; second (current) list price 101,341 OMR — first price column used; dub 3.26.2026; sheet type 'Sky Residence' mapped to apartment"
ID:100.L7.2BHK.04,ID:100.L7.2BHK.04,Yenaier Residences / Hay Al We'am,Adrak / Adanté,Sky Residence,2,,158.0,97371.0,available,false,sky_price_list,"project inferred: Yenaier Residence (ID:100.* scheme matches main-tab YEN refs; ID:100.PH.01 price equals YEN4); Level 7; BUA 107.0 + terrace 51.0 = sellable 158.0 sqm; second (current) list price 102,240 OMR — first price column used; dub 3.26.2026; sheet type 'Sky Residence' mapped to apartment"
ID:100.L7.2BHK.06,ID:100.L7.2BHK.06,Yenaier Residences / Hay Al We'am,Adrak / Adanté,Sky Residence,2,,133.0,96880.0,available,false,sky_price_list,"project inferred: Yenaier Residence (ID:100.* scheme matches main-tab YEN refs; ID:100.PH.01 price equals YEN4); Level 7; BUA 107.0 + terrace 27.0 = sellable 133.0 sqm; second (current) list price 101,724 OMR — first price column used; dub 3.26.2026; sheet type 'Sky Residence' mapped to apartment"
ID:100.L5.SD.06,ID:100.L5.SD.06,Yenaier Residences / Hay Al We'am,Adrak / Adanté,Loggia Studio,0,,65.0,46861.0,available,false,sky_price_list,"project inferred: Yenaier Residence (ID:100.* scheme matches main-tab YEN refs; ID:100.PH.01 price equals YEN4); Level 5; BUA 55.0 + terrace 10.0 = sellable 65.0 sqm; second (current) list price 49,204 OMR — first price column used"
ID:100.L6.2BHK.10,ID:100.L6.2BHK.10,Yenaier Residences / Hay Al We'am,Adrak / Adanté,Sky Residence,2,,150.0,95658.0,available,false,sky_price_list,"project inferred: Yenaier Residence (ID:100.* scheme matches main-tab YEN refs; ID:100.PH.01 price equals YEN4); Level 6; BUA 107.0 + terrace 43.0 = sellable 150.0 sqm; second (current) list price 100,441 OMR — first price column used; sheet type 'Sky Residence' mapped to apartment"
ID:100.L7.3BHK.02,ID:100.L7.3BHK.02,Yenaier Residences / Hay Al We'am,Adrak / Adanté,Sky Villa,3,,195.0,122855.0,available,false,sky_price_list,"project inferred: Yenaier Residence (ID:100.* scheme matches main-tab YEN refs; ID:100.PH.01 price equals YEN4); Level 7; BUA 135.0 + terrace 60.0 = sellable 195.0 sqm; second (current) list price 128,998 OMR — first price column used"
ID:100.L7.2BHK.07,ID:100.L7.2BHK.07,Yenaier Residences / Hay Al We'am,Adrak / Adanté,Sky Residence,2,,150.0,98353.0,available,false,sky_price_list,"project inferred: Yenaier Residence (ID:100.* scheme matches main-tab YEN refs; ID:100.PH.01 price equals YEN4); Level 7; BUA 108.0 + terrace 42.0 = sellable 150.0 sqm; second (current) list price 103,271 OMR — first price column used; sheet type 'Sky Residence' mapped to apartment"
ID:100.L7.SD.03,ID:100.L7.SD.03,Yenaier Residences / Hay Al We'am,Adrak / Adanté,Loggia Studio,0,,71.0,49741.0,available,false,sky_price_list,"project inferred: Yenaier Residence (ID:100.* scheme matches main-tab YEN refs; ID:100.PH.01 price equals YEN4); Level 7; BUA 55.0 + terrace 16.0 = sellable 71.0 sqm; second (current) list price 52,228 OMR — first price column used"
ID:100.L7.SD.04,ID:100.L7.SD.04,Yenaier Residences / Hay Al We'am,Adrak / Adanté,Loggia Studio,0,,71.0,49741.0,available,false,sky_price_list,"project inferred: Yenaier Residence (ID:100.* scheme matches main-tab YEN refs; ID:100.PH.01 price equals YEN4); Level 7; BUA 55.0 + terrace 16.0 = sellable 71.0 sqm; second (current) list price 52,228 OMR — first price column used"
ID:100.PH.02,ID:100.PH.02,Yenaier Residences / Hay Al We'am,Adrak / Adanté,Sky Palace,,,1148.0,498377.0,available,false,sky_price_list,"project inferred: Yenaier Residence (ID:100.* scheme matches main-tab YEN refs; ID:100.PH.01 price equals YEN4); floor: #REF! error in sheet; BUA 453.0 + terrace 695.0 = sellable 1148.0 sqm; second (current) list price 523,296 OMR — first price column used; sheet type 'Sky Palace' mapped to penthouse (ID:100.PH.* = penthouse)"
OC-V33B-1210,OC-V33B-1210,AIDA,Dar Global / AIDA,Detached Villa,4,,315.75,572280.0,available,false,aida_oceana,AIDA OCEANA; view: Sea & Golf-Partial Sea View; 3398.7 sq.ft -> 315.75 sqm; AED column ignored
OC-V33B-1208,OC-V33B-1208,AIDA,Dar Global / AIDA,Detached Villa,4,,315.75,572280.0,available,false,aida_oceana,AIDA OCEANA; view: Sea & Golf-Partial Sea View; 3398.7 sq.ft -> 315.75 sqm; AED column ignored
OC-V33B-1209,OC-V33B-1209,AIDA,Dar Global / AIDA,Detached Villa,4,,315.75,572280.0,available,false,aida_oceana,AIDA OCEANA; view: Sea & Golf-Partial Sea View; 3398.7 sq.ft -> 315.75 sqm; AED column ignored
OC-V33B-1210B,OC-V33B-1210B,AIDA,Dar Global / AIDA,Detached Villa,4,,315.75,572280.0,available,false,aida_oceana,AIDA OCEANA; view: Sea & Golf-Partial Sea View; 3398.7 sq.ft -> 315.75 sqm; AED column ignored
OC-V33B-1200,OC-V33B-1200,AIDA,Dar Global / AIDA,Detached Villa,4,,315.75,601210.0,available,false,aida_oceana,AIDA OCEANA; view: Sea & Golf-Partial Sea View; 3398.7 sq.ft -> 315.75 sqm; AED column ignored
OC-V33B-1219,OC-V33B-1219,AIDA,Dar Global / AIDA,Detached Villa,4,,315.75,611060.0,available,false,aida_oceana,AIDA OCEANA; view: Sea & Golf-Partial Sea View; 3398.7 sq.ft -> 315.75 sqm; AED column ignored
OC-V33B-1223,OC-V33B-1223,AIDA,Dar Global / AIDA,Detached Villa,4,,315.75,611060.0,available,false,aida_oceana,AIDA OCEANA; view: Sea & Golf-Partial Sea View; 3398.7 sq.ft -> 315.75 sqm; AED column ignored
OC-V33B-1189,OC-V33B-1189,AIDA,Dar Global / AIDA,Detached Villa,4,,315.75,663075.0,available,false,aida_oceana,AIDA OCEANA; view: Sea & Golf View; 3398.7 sq.ft -> 315.75 sqm; AED column ignored
OC-V41-1212,OC-V41-1212,AIDA,Dar Global / AIDA,Detached Villa,5,,386.27,686900.0,available,false,aida_oceana,AIDA OCEANA; view: Sea & Golf; 4157.78 sq.ft -> 386.27 sqm; AED column ignored
OC-V41-1213,OC-V41-1213,AIDA,Dar Global / AIDA,Detached Villa,5,,386.27,686900.0,available,false,aida_oceana,AIDA OCEANA; view: Sea & Golf; 4157.78 sq.ft -> 386.27 sqm; AED column ignored
OC-V41-1214,OC-V41-1214,AIDA,Dar Global / AIDA,Detached Villa,5,,386.27,686900.0,available,false,aida_oceana,AIDA OCEANA; view: Sea & Golf; 4157.78 sq.ft -> 386.27 sqm; AED column ignored
OC-V41-1211,OC-V41-1211,AIDA,Dar Global / AIDA,Detached Villa,5,,386.27,710010.0,available,false,aida_oceana,AIDA OCEANA; view: Sea & Golf; 4157.78 sq.ft -> 386.27 sqm; AED column ignored
OC-V41A-1137,OC-V41A-1137,AIDA,Dar Global / AIDA,Detached Villa,5,,403.27,771240.0,available,false,aida_oceana,AIDA OCEANA; view: Sea & Golf-Partial Sea View; 4340.76 sq.ft -> 403.27 sqm; AED column ignored
OC-V41A-1135,OC-V41A-1135,AIDA,Dar Global / AIDA,Detached Villa,5,,403.27,771240.0,available,false,aida_oceana,AIDA OCEANA; view: Sea & Golf-Partial Sea View; 4340.76 sq.ft -> 403.27 sqm; AED column ignored
OC-V41A-1136,OC-V41A-1136,AIDA,Dar Global / AIDA,Detached Villa,5,,403.27,771240.0,available,false,aida_oceana,AIDA OCEANA; view: Sea & Golf-Partial Sea View; 4340.76 sq.ft -> 403.27 sqm; AED column ignored
OC-V41A-1127,OC-V41A-1127,AIDA,Dar Global / AIDA,Detached Villa,5,,403.27,792670.0,available,false,aida_oceana,AIDA OCEANA; view: Sea & Golf - Partial Sea View; 4340.76 sq.ft -> 403.27 sqm; AED column ignored
OC-V41A-1128,OC-V41A-1128,AIDA,Dar Global / AIDA,Detached Villa,5,,403.27,814090.0,available,false,aida_oceana,AIDA OCEANA; view: Sea & Golf - Partial Sea View; 4340.76 sq.ft -> 403.27 sqm; AED column ignored
OC-V41A-1126,OC-V41A-1126,AIDA,Dar Global / AIDA,Detached Villa,5,,403.27,822660.0,available,false,aida_oceana,AIDA OCEANA; view: Sea & Golf Partial Sea View; 4340.76 sq.ft -> 403.27 sqm; AED column ignored
TR-V41TM-1141,TR-V41TM-1141,AIDA,Dar Global / AIDA,Detached Villa,5,,405.7,903320.0,available,false,aida_oceana,AIDA OCEANA; view: Sea & Golf; 4366.91 sq.ft -> 405.7 sqm; AED column ignored
TR-V41TM-1140,TR-V41TM-1140,AIDA,Dar Global / AIDA,Detached Villa,5,,405.7,903320.0,available,false,aida_oceana,AIDA OCEANA; view: Sea & Golf; 4366.91 sq.ft -> 405.7 sqm; AED column ignored
TR-V41TM-1143,TR-V41TM-1143,AIDA,Dar Global / AIDA,Detached Villa,5,,405.7,903320.0,available,false,aida_oceana,AIDA OCEANA; view: Sea & Golf; 4366.91 sq.ft -> 405.7 sqm; AED column ignored
TR-V41TM-1145,TR-V41TM-1145,AIDA,Dar Global / AIDA,Detached Villa,5,,405.7,903320.0,available,false,aida_oceana,AIDA OCEANA; view: Sea & Golf; 4366.91 sq.ft -> 405.7 sqm; AED column ignored
TR-V41T-1331,TR-V41T-1331,AIDA,Dar Global / AIDA,Detached Villa,5,,405.7,925990.0,available,false,aida_oceana,AIDA OCEANA; view: Sea & Golf; 4366.91 sq.ft -> 405.7 sqm; AED column ignored
TR-V41TM-1139,TR-V41TM-1139,AIDA,Dar Global / AIDA,Detached Villa,5,,405.7,962150.0,available,false,aida_oceana,AIDA OCEANA; view: Sea & Cliff; 4366.91 sq.ft -> 405.7 sqm; AED column ignored
E24-V002,E24-V002,Wadi Zaha,Al Ahly Sabbour,Lavish Standalone Villa (4BD),4,,388.0,362670.0,available,false,availability_wadi_zaha,"project inferred: Wadi Zaha (E2x unit codes match main-tab WAZ1–WAZ5 refs); bldg E24-V002; garden 332.0 sqm; view Central Park 7; position Corner; gross price + 5% (18,133.50) = 380,803.50 OMR total; delivery 3.5"
E24-V005,E24-V005,Wadi Zaha,Al Ahly Sabbour,Lavish Standalone Villa (4BD),4,,388.0,362670.0,available,false,availability_wadi_zaha,"project inferred: Wadi Zaha (E2x unit codes match main-tab WAZ1–WAZ5 refs); bldg E24-V005; garden 332.0 sqm; view Central Park 7; position Corner; gross price + 5% (18,133.50) = 380,803.50 OMR total; delivery 3.5"
E29-V004,E29-V004,Wadi Zaha,Al Ahly Sabbour,Lavish Standalone Villa (4BD),4,,388.0,362355.0,available,false,availability_wadi_zaha,"project inferred: Wadi Zaha (E2x unit codes match main-tab WAZ1–WAZ5 refs); bldg col says E01-V004 (differs from unit code — review typo); garden 308.0 sqm; position Corner; gross price + 5% (18,117.75) = 380,472.75 OMR total; delivery 3"
E27-B005,E27-B005,Wadi Zaha,Al Ahly Sabbour,Garden Villa 3 BD (Bl),3,,228.0,203490.0,available,false,availability_wadi_zaha,"project inferred: Wadi Zaha (E2x unit codes match main-tab WAZ1–WAZ5 refs); bldg B; floor Ground+First; garden 31.0 sqm; terrace 20.0 sqm; view Inner Court Low; position Corner; gross price + 5% (10,174.50) = 213,664.50 OMR total; delivery 3"
E27-B504,E27-B504,Wadi Zaha,Al Ahly Sabbour,Sky Villa Corner 3 BD with Pool (BI),3,,211.0,202973.4,available,false,availability_wadi_zaha,"project inferred: Wadi Zaha (E2x unit codes match main-tab WAZ1–WAZ5 refs); bldg B; floor Fifth+Sixth; terrace 52.0 sqm; view Mountain View; gross price + 5% (10,148.67) = 213,122.07 OMR total; delivery 3"
E24-T009,E24-T009,Wadi Zaha,Al Ahly Sabbour,Spacious Townhouse (3BD),3,,215.0,199815.0,available,false,availability_wadi_zaha,"project inferred: Wadi Zaha (E2x unit codes match main-tab WAZ1–WAZ5 refs); bldg E24-T009; garden 120.0 sqm; position Middle; gross price + 5% (9,990.75) = 209,805.75 OMR total; delivery 3.5"
E24-T016,E24-T016,Wadi Zaha,Al Ahly Sabbour,Spacious Townhouse (3BD),3,,215.0,199815.0,available,false,availability_wadi_zaha,"project inferred: Wadi Zaha (E2x unit codes match main-tab WAZ1–WAZ5 refs); bldg E24-T016; garden 120.0 sqm; position Middle; gross price + 5% (9,990.75) = 209,805.75 OMR total; delivery 3.5"
E26-C511,E26-C511,Wadi Zaha,Al Ahly Sabbour,Sky Villa Corner 3 BD with Pool (BI),3,,209.0,195300.0,available,false,availability_wadi_zaha,"project inferred: Wadi Zaha (E2x unit codes match main-tab WAZ1–WAZ5 refs); bldg C; floor Fifth; view Inner Court High; position Corner; gross price + 5% (9,765.00) = 205,065.00 OMR total; delivery 3.5"
E26-C513,E26-C513,Wadi Zaha,Al Ahly Sabbour,Sky Villa Middle 3 BD (BI),3,,207.0,191100.0,available,false,availability_wadi_zaha,"project inferred: Wadi Zaha (E2x unit codes match main-tab WAZ1–WAZ5 refs); bldg C; floor Fifth; view Street; position Middle; gross price + 5% (9,555.00) = 200,655.00 OMR total; delivery 3.5"
E27-B502,E27-B502,Wadi Zaha,Al Ahly Sabbour,Sky Villa Middle 3 BD (BI),3,,210.0,189630.0,available,false,availability_wadi_zaha,"project inferred: Wadi Zaha (E2x unit codes match main-tab WAZ1–WAZ5 refs); bldg B; floor Fifth+Sixth; terrace 15.0 sqm; view Street; position Middle; gross price + 5% (9,481.50) = 199,111.50 OMR total; delivery 3"
E27-B503,E27-B503,Wadi Zaha,Al Ahly Sabbour,Sky Villa Middle 3 BD (BI),3,,208.0,187824.0,available,false,availability_wadi_zaha,"project inferred: Wadi Zaha (E2x unit codes match main-tab WAZ1–WAZ5 refs); bldg B; floor Fifth+Sixth; terrace 12.0 sqm; view Street; position Middle; gross price + 5% (9,391.20) = 197,215.20 OMR total; delivery 3"
E26-C005,E26-C005,Wadi Zaha,Al Ahly Sabbour,Garden Villa 3 BD (Bl),3,,206.0,185850.0,available,false,availability_wadi_zaha,"project inferred: Wadi Zaha (E2x unit codes match main-tab WAZ1–WAZ5 refs); bldg C; floor Ground+First; view Inner Court Low; position Corner; gross price + 5% (9,292.50) = 195,142.50 OMR total; delivery 3.5"
E26-B601,E26-B601,Wadi Zaha,Al Ahly Sabbour,Pent House 3 BD with Pool,3,,303.0,185115.0,available,false,availability_wadi_zaha,"project inferred: Wadi Zaha (E2x unit codes match main-tab WAZ1–WAZ5 refs); bldg B; floor Sixth; view Street; position Corner; gross price + 5% (9,255.75) = 194,370.75 OMR total; delivery 3.5"
E27-B001,E27-B001,Wadi Zaha,Al Ahly Sabbour,Garden Villa 3 BD (Bl),3,,206.0,183855.0,available,false,availability_wadi_zaha,"project inferred: Wadi Zaha (E2x unit codes match main-tab WAZ1–WAZ5 refs); bldg B; floor Ground+First; garden 31.0 sqm; terrace 19.0 sqm; view Inner Court Low; position Corner; gross price + 5% (9,192.75) = 193,047.75 OMR total; delivery 3"
E27-C603,E27-C603,Wadi Zaha,Al Ahly Sabbour,Pent House 3 BD with Pool,3,,194.0,182175.0,available,false,availability_wadi_zaha,"project inferred: Wadi Zaha (E2x unit codes match main-tab WAZ1–WAZ5 refs); bldg C; floor Sixth; terrace 175.0 sqm; view Inner Court High; position Corner; gross price + 5% (9,108.75) = 191,283.75 OMR total; delivery 3"
E26-A509,E26-A509,Wadi Zaha,Al Ahly Sabbour,Sky Villa Corner 3 BD with Pool (BI),3,,185.0,178500.0,available,false,availability_wadi_zaha,"project inferred: Wadi Zaha (E2x unit codes match main-tab WAZ1–WAZ5 refs); bldg A; floor Fifth; terrace 49.0 sqm; view Inner Court High; position Corner; gross price + 5% (8,925.00) = 187,425.00 OMR total; delivery 3.5"
E26-B603,E26-B603,Wadi Zaha,Al Ahly Sabbour,Pent House 3 BD with Pool,3,,303.0,178500.0,available,false,availability_wadi_zaha,"project inferred: Wadi Zaha (E2x unit codes match main-tab WAZ1–WAZ5 refs); bldg B; floor Sixth; terrace 103.0 sqm; view Boulevard/Street; position Corner; gross price + 5% (8,925.00) = 187,425.00 OMR total; delivery 3.5"
E27-C602,E27-C602,Wadi Zaha,Al Ahly Sabbour,Pent House 3 BD with Pool,3,,195.0,174037.5,available,false,availability_wadi_zaha,"project inferred: Wadi Zaha (E2x unit codes match main-tab WAZ1–WAZ5 refs); bldg C; floor Sixth; terrace 79.0 sqm; view Street; position Corner; gross price + 5% (8,701.88) = 182,739.38 OMR total; delivery 3"
E26-C603,E26-C603,Wadi Zaha,Al Ahly Sabbour,Pent House 3 BD with Pool,3,,201.0,173061.0,available,false,availability_wadi_zaha,"project inferred: Wadi Zaha (E2x unit codes match main-tab WAZ1–WAZ5 refs); bldg C; floor Sixth; terrace 87.0 sqm; view Inner Court High; position Corner; gross price + 5% (8,653.05) = 181,714.05 OMR total; delivery 3.5"
E26-A501,E26-A501,Wadi Zaha,Al Ahly Sabbour,Sky Villa Corner 3 BD with Pool (BI),3,,178.0,170415.0,available,false,availability_wadi_zaha,"project inferred: Wadi Zaha (E2x unit codes match main-tab WAZ1–WAZ5 refs); bldg A; floor Fifth; terrace 38.0 sqm; view Boulevard View; position Corner; gross price + 5% (8,520.75) = 178,935.75 OMR total; delivery 3.5"
E26-A602,E26-A602,Wadi Zaha,Al Ahly Sabbour,Pent House 3 BD with Pool,3,,162.0,154350.0,available,false,availability_wadi_zaha,"project inferred: Wadi Zaha (E2x unit codes match main-tab WAZ1–WAZ5 refs); bldg A; floor Sixth; terrace 40.0 sqm; view Inner Court Low; position Corner; gross price + 5% (7,717.50) = 162,067.50 OMR total; delivery 3.5"
E22-301,E22-301,Wadi Zaha,Al Ahly Sabbour,3 BD Room APT,3,,163.0,147735.0,available,false,availability_wadi_zaha,"project inferred: Wadi Zaha (E2x unit codes match main-tab WAZ1–WAZ5 refs); bldg E22; floor Third; terrace 13.0 sqm; view Street; position Corner; gross price + 5% (7,386.75) = 155,121.75 OMR total; delivery 3.5"
E22-101,E22-101,Wadi Zaha,Al Ahly Sabbour,3 BD Room APT,3,,163.0,146265.0,available,false,availability_wadi_zaha,"project inferred: Wadi Zaha (E2x unit codes match main-tab WAZ1–WAZ5 refs); bldg E22; floor First; terrace 13.0 sqm; view Street; position Corner; gross price + 5% (7,313.25) = 153,578.25 OMR total; delivery 3.5"
E27-B605,E27-B605,Wadi Zaha,Al Ahly Sabbour,Pent House 2 BD with Pool,2,,168.0,143850.0,available,false,availability_wadi_zaha,"project inferred: Wadi Zaha (E2x unit codes match main-tab WAZ1–WAZ5 refs); bldg B; floor Sixth; terrace 54.0 sqm; view Street; position Middle; gross price + 5% (7,192.50) = 151,042.50 OMR total; delivery 3"
E26-C411,E26-C411,Wadi Zaha,Al Ahly Sabbour,3 BD Room APT,3,,151.0,138390.0,available,false,availability_wadi_zaha,"project inferred: Wadi Zaha (E2x unit codes match main-tab WAZ1–WAZ5 refs); bldg C; floor Fourth; view Inner Court High; position Corner; gross price + 5% (6,919.50) = 145,309.50 OMR total; delivery 3.5"
E26-C211,E26-C211,Wadi Zaha,Al Ahly Sabbour,3 BD Room APT,3,,151.0,137445.0,available,false,availability_wadi_zaha,"project inferred: Wadi Zaha (E2x unit codes match main-tab WAZ1–WAZ5 refs); bldg C; floor Second; view Inner Court Low; position Corner; gross price + 5% (6,872.25) = 144,317.25 OMR total; delivery 3.5"
E26-C412,E26-C412,Wadi Zaha,Al Ahly Sabbour,2 BD Room APT,2,,119.0,108465.0,available,false,availability_wadi_zaha,"project inferred: Wadi Zaha (E2x unit codes match main-tab WAZ1–WAZ5 refs); bldg C; floor Fourth; view Street; position Corner; gross price + 5% (5,423.25) = 113,888.25 OMR total; delivery 3.5"
E22-507,E22-507,Wadi Zaha,Al Ahly Sabbour,2 BD Room APT,2,,113.0,103215.0,available,false,availability_wadi_zaha,"project inferred: Wadi Zaha (E2x unit codes match main-tab WAZ1–WAZ5 refs); bldg E22; floor Fifth; terrace 13.0 sqm; view Boulevard View; position Middle; gross price + 5% (5,160.75) = 108,375.75 OMR total; delivery 3.5"
E26-B502,E26-B502,Wadi Zaha,Al Ahly Sabbour,2 BD Room APT,2,,124.0,102480.0,available,false,availability_wadi_zaha,"project inferred: Wadi Zaha (E2x unit codes match main-tab WAZ1–WAZ5 refs); bldg B; floor Fifth; view Inner Court High; position Corner; gross price + 5% (5,124.00) = 107,604.00 OMR total; delivery 3.5"
E26-B308,E26-B308,Wadi Zaha,Al Ahly Sabbour,2 BD Room APT,2,,120.0,102060.0,available,false,availability_wadi_zaha,"project inferred: Wadi Zaha (E2x unit codes match main-tab WAZ1–WAZ5 refs); bldg B; floor Third; view Street; position Corner; gross price + 5% (5,103.00) = 107,163.00 OMR total; delivery 3.5"
E22-107,E22-107,Wadi Zaha,Al Ahly Sabbour,2 BD Room APT,2,,113.0,101220.0,available,false,availability_wadi_zaha,"project inferred: Wadi Zaha (E2x unit codes match main-tab WAZ1–WAZ5 refs); bldg E22; floor First; terrace 13.0 sqm; view Boulevard View; position Middle; gross price + 5% (5,061.00) = 106,281.00 OMR total; delivery 3.5"
E22-520,E22-520,Wadi Zaha,Al Ahly Sabbour,2 BD Room APT,2,,113.0,101220.0,available,false,availability_wadi_zaha,"project inferred: Wadi Zaha (E2x unit codes match main-tab WAZ1–WAZ5 refs); bldg E22; floor Fifth; terrace 13.0 sqm; view Street; position Middle; gross price + 5% (5,061.00) = 106,281.00 OMR total; delivery 3.5"
E26-B405,E26-B405,Wadi Zaha,Al Ahly Sabbour,2 BD Room APT,2,,124.0,101220.0,available,false,availability_wadi_zaha,"project inferred: Wadi Zaha (E2x unit codes match main-tab WAZ1–WAZ5 refs); bldg B; floor Fourth; view Inner Court High; position Corner; gross price + 5% (5,061.00) = 106,281.00 OMR total; delivery 3.5"
E26-D112,E26-D112,Wadi Zaha,Al Ahly Sabbour,2 BD Room APT,2,,108.0,100380.0,available,false,availability_wadi_zaha,"project inferred: Wadi Zaha (E2x unit codes match main-tab WAZ1–WAZ5 refs); bldg D; floor First; view Inner Court Low; position Corner; gross price + 5% (5,019.00) = 105,399.00 OMR total; delivery 3.5"
E22-320,E22-320,Wadi Zaha,Al Ahly Sabbour,2 BD Room APT,2,,113.0,100275.0,available,false,availability_wadi_zaha,"project inferred: Wadi Zaha (E2x unit codes match main-tab WAZ1–WAZ5 refs); bldg E22; floor Third; terrace 13.0 sqm; view Street; position Middle; gross price + 5% (5,013.75) = 105,288.75 OMR total; delivery 3.5"
E22-120,E22-120,Wadi Zaha,Al Ahly Sabbour,2 BD Room APT,2,,113.0,99330.0,available,false,availability_wadi_zaha,"project inferred: Wadi Zaha (E2x unit codes match main-tab WAZ1–WAZ5 refs); bldg E22; floor First; terrace 13.0 sqm; view Street; position Middle; gross price + 5% (4,966.50) = 104,296.50 OMR total; delivery 3.5"
E22-316,E22-316,Wadi Zaha,Al Ahly Sabbour,2 BD Room APT,2,,110.0,98595.0,available,false,availability_wadi_zaha,"project inferred: Wadi Zaha (E2x unit codes match main-tab WAZ1–WAZ5 refs); bldg E22; floor Third; terrace 7.0 sqm; view Inner Court High; position Middle; gross price + 5% (4,929.75) = 103,524.75 OMR total; delivery 3.5"
E22-512,E22-512,Wadi Zaha,Al Ahly Sabbour,2 BD Room APT,2,,108.0,98175.0,available,false,availability_wadi_zaha,"project inferred: Wadi Zaha (E2x unit codes match main-tab WAZ1–WAZ5 refs); bldg E22; floor Fifth; terrace 7.0 sqm; view Boulevard View; position Middle; gross price + 5% (4,908.75) = 103,083.75 OMR total; delivery 3.5"
E22-116,E22-116,Wadi Zaha,Al Ahly Sabbour,2 BD Room APT,2,,110.0,97650.0,available,false,availability_wadi_zaha,"project inferred: Wadi Zaha (E2x unit codes match main-tab WAZ1–WAZ5 refs); bldg E22; floor First; terrace 7.0 sqm; view Inner Court High; position Middle; gross price + 5% (4,882.50) = 102,532.50 OMR total; delivery 3.5"
E27-C302,E27-C302,Wadi Zaha,Al Ahly Sabbour,2 BD Room APT,2,,109.0,97282.5,available,false,availability_wadi_zaha,"project inferred: Wadi Zaha (E2x unit codes match main-tab WAZ1–WAZ5 refs); bldg C; floor Third; terrace 8.0 sqm; view Street; position Corner; gross price + 5% (4,864.13) = 102,146.63 OMR total; delivery 3"
E22-112,E22-112,Wadi Zaha,Al Ahly Sabbour,2 BD Room APT,2,,108.0,96285.0,available,false,availability_wadi_zaha,"project inferred: Wadi Zaha (E2x unit codes match main-tab WAZ1–WAZ5 refs); bldg E22; floor First; terrace 7.0 sqm; view Boulevard View; position Middle; gross price + 5% (4,814.25) = 101,099.25 OMR total; delivery 3.5"
E22-519,E22-519,Wadi Zaha,Al Ahly Sabbour,2 BD Room APT,2,,105.0,95445.0,available,false,availability_wadi_zaha,"project inferred: Wadi Zaha (E2x unit codes match main-tab WAZ1–WAZ5 refs); bldg E22; floor Fifth; terrace 4.0 sqm; view Inner Court High; position Corner; gross price + 5% (4,772.25) = 100,217.25 OMR total; delivery 3.5"
E27-C102,E27-C102,Wadi Zaha,Al Ahly Sabbour,2 BD Room APT,2,,109.0,94993.5,available,false,availability_wadi_zaha,"project inferred: Wadi Zaha (E2x unit codes match main-tab WAZ1–WAZ5 refs); bldg C; floor First; terrace 8.0 sqm; view Street; position Corner; gross price + 5% (4,749.68) = 99,743.18 OMR total; delivery 3"
E27-C104,E27-C104,Wadi Zaha,Al Ahly Sabbour,2 BD Room APT,2,,109.0,94993.5,available,false,availability_wadi_zaha,"project inferred: Wadi Zaha (E2x unit codes match main-tab WAZ1–WAZ5 refs); bldg C; floor First; terrace 8.0 sqm; view Street; position Corner; gross price + 5% (4,749.68) = 99,743.18 OMR total; delivery 3"
E27-C202,E27-C202,Wadi Zaha,Al Ahly Sabbour,2 BD Room APT,2,,109.0,94993.5,available,false,availability_wadi_zaha,"project inferred: Wadi Zaha (E2x unit codes match main-tab WAZ1–WAZ5 refs); bldg C; floor Second; terrace 8.0 sqm; view Street; position Corner; gross price + 5% (4,749.68) = 99,743.18 OMR total; delivery 3"
E27-C204,E27-C204,Wadi Zaha,Al Ahly Sabbour,2 BD Room APT,2,,109.0,94993.5,available,false,availability_wadi_zaha,"project inferred: Wadi Zaha (E2x unit codes match main-tab WAZ1–WAZ5 refs); bldg C; floor Second; terrace 8.0 sqm; view Street; position Corner; gross price + 5% (4,749.68) = 99,743.18 OMR total; delivery 3"
E27-C209,E27-C209,Wadi Zaha,Al Ahly Sabbour,2 BD Room APT,2,,109.0,94993.5,available,false,availability_wadi_zaha,"project inferred: Wadi Zaha (E2x unit codes match main-tab WAZ1–WAZ5 refs); bldg C; floor Second; terrace 8.0 sqm; view Inner Court Low; position Corner; gross price + 5% (4,749.68) = 99,743.18 OMR total; delivery 3"
E22-319,E22-319,Wadi Zaha,Al Ahly Sabbour,2 BD Room APT,2,,105.0,94500.0,available,false,availability_wadi_zaha,"project inferred: Wadi Zaha (E2x unit codes match main-tab WAZ1–WAZ5 refs); bldg E22; floor Third; terrace 4.0 sqm; view Inner Court High; position Corner; gross price + 5% (4,725.00) = 99,225.00 OMR total; delivery 3.5"
E27-B205,E27-B205,Wadi Zaha,Al Ahly Sabbour,2 BD Room APT,2,,119.0,94462.2,available,false,availability_wadi_zaha,"project inferred: Wadi Zaha (E2x unit codes match main-tab WAZ1–WAZ5 refs); bldg B; floor Second; view Street; position Middle; gross price + 5% (4,723.11) = 99,185.31 OMR total; delivery 3"
E26-C605,E26-C605,Wadi Zaha,Al Ahly Sabbour,2 BD Room APT,2,,99.0,91350.0,available,false,availability_wadi_zaha,"project inferred: Wadi Zaha (E2x unit codes match main-tab WAZ1–WAZ5 refs); bldg C; floor Sixth; view Inner Court High; position Middle; gross price + 5% (4,567.50) = 95,917.50 OMR total; delivery 3.5"
E26-B408,E26-B408,Wadi Zaha,Al Ahly Sabbour,2 BD Room APT,2,,124.0,91140.0,available,false,availability_wadi_zaha,"project inferred: Wadi Zaha (E2x unit codes match main-tab WAZ1–WAZ5 refs); bldg B; floor Fourth; terrace 13.0 sqm; view Street; position Corner; gross price + 5% (4,557.00) = 95,697.00 OMR total; delivery 3.5"
E26-B108,E26-B108,Wadi Zaha,Al Ahly Sabbour,2 BD Room APT,2,,120.0,90300.0,available,false,availability_wadi_zaha,"project inferred: Wadi Zaha (E2x unit codes match main-tab WAZ1–WAZ5 refs); bldg B; floor First; terrace 9.0 sqm; view Street; position Corner; gross price + 5% (4,515.00) = 94,815.00 OMR total; delivery 3.5"
E26-C310,E26-C310,Wadi Zaha,Al Ahly Sabbour,2 BD Room APT,2,,99.0,90300.0,available,false,availability_wadi_zaha,"project inferred: Wadi Zaha (E2x unit codes match main-tab WAZ1–WAZ5 refs); bldg C; floor Third; view Inner Court High; position Middle; gross price + 5% (4,515.00) = 94,815.00 OMR total; delivery 3.5"
E26-C410,E26-C410,Wadi Zaha,Al Ahly Sabbour,2 BD Room APT,2,,99.0,90300.0,available,false,availability_wadi_zaha,"project inferred: Wadi Zaha (E2x unit codes match main-tab WAZ1–WAZ5 refs); bldg C; floor Fourth; view Inner Court High; position Middle; gross price + 5% (4,515.00) = 94,815.00 OMR total; delivery 3.5"
E26-B410,E26-B410,Wadi Zaha,Al Ahly Sabbour,2 BD Room APT,2,,120.0,89460.0,available,false,availability_wadi_zaha,"project inferred: Wadi Zaha (E2x unit codes match main-tab WAZ1–WAZ5 refs); bldg B; floor Fourth; terrace 9.0 sqm; view Street; position Corner; gross price + 5% (4,473.00) = 93,933.00 OMR total; delivery 3.5"
E26-B310,E26-B310,Wadi Zaha,Al Ahly Sabbour,2 BD Room APT,2,,120.0,89040.0,available,false,availability_wadi_zaha,"project inferred: Wadi Zaha (E2x unit codes match main-tab WAZ1–WAZ5 refs); bldg B; floor Third; terrace 9.0 sqm; view Street; position Corner; gross price + 5% (4,452.00) = 93,492.00 OMR total; delivery 3.5"
E22-114,E22-114,Wadi Zaha,Al Ahly Sabbour,1 BD Room APT,1,,83.0,77280.0,available,false,availability_wadi_zaha,"project inferred: Wadi Zaha (E2x unit codes match main-tab WAZ1–WAZ5 refs); bldg E22; floor First; terrace 10.0 sqm; view Inner Court High; position Corner; gross price + 5% (3,864.00) = 81,144.00 OMR total; delivery 3.5"
E22-302,E22-302,Wadi Zaha,Al Ahly Sabbour,1 BD Room APT,1,,82.0,76755.0,available,false,availability_wadi_zaha,"project inferred: Wadi Zaha (E2x unit codes match main-tab WAZ1–WAZ5 refs); bldg E22; floor Third; terrace 9.0 sqm; view Street; position Middle; gross price + 5% (3,837.75) = 80,592.75 OMR total; delivery 3.5"
E26-A603,E26-A603,Wadi Zaha,Al Ahly Sabbour,1 BD Room APT,1,,81.0,76580.0,available,false,availability_wadi_zaha,"project inferred: Wadi Zaha (E2x unit codes match main-tab WAZ1–WAZ5 refs); bldg A; floor Sixth; terrace 9.0 sqm; view Central Park; position Middle; gross price + 5% (3,829.00) = 80,409.00 OMR total; delivery 3.5"
E22-510,E22-510,Wadi Zaha,Al Ahly Sabbour,1 BD Room APT,1,,83.0,76230.0,available,false,availability_wadi_zaha,"project inferred: Wadi Zaha (E2x unit codes match main-tab WAZ1–WAZ5 refs); bldg E22; floor Fifth; terrace 9.0 sqm; view Inner Court Low; position Middle; gross price + 5% (3,811.50) = 80,041.50 OMR total; delivery 3.5"
E22-102,E22-102,Wadi Zaha,Al Ahly Sabbour,1 BD Room APT,1,,82.0,76020.0,available,false,availability_wadi_zaha,"project inferred: Wadi Zaha (E2x unit codes match main-tab WAZ1–WAZ5 refs); bldg E22; floor First; terrace 9.0 sqm; view Street; position Middle; gross price + 5% (3,801.00) = 79,821.00 OMR total; delivery 3.5"
E26-A404,E26-A404,Wadi Zaha,Al Ahly Sabbour,1 BD Room APT,1,,80.0,75950.0,available,false,availability_wadi_zaha,"project inferred: Wadi Zaha (E2x unit codes match main-tab WAZ1–WAZ5 refs); bldg A; floor Fourth; terrace 9.0 sqm; view Central Park; position Middle; gross price + 5% (3,797.50) = 79,747.50 OMR total; delivery 3.5"
E26-A304,E26-A304,Wadi Zaha,Al Ahly Sabbour,1 BD Room APT,1,,80.0,75635.0,available,false,availability_wadi_zaha,"project inferred: Wadi Zaha (E2x unit codes match main-tab WAZ1–WAZ5 refs); bldg A; floor Third; terrace 9.0 sqm; view Central Park; position Middle; gross price + 5% (3,781.75) = 79,416.75 OMR total; delivery 3.5"
E22-310,E22-310,Wadi Zaha,Al Ahly Sabbour,1 BD Room APT,1,,83.0,75495.0,available,false,availability_wadi_zaha,"project inferred: Wadi Zaha (E2x unit codes match main-tab WAZ1–WAZ5 refs); bldg E22; floor Third; terrace 9.0 sqm; view Inner Court Low; position Middle; gross price + 5% (3,774.75) = 79,269.75 OMR total; delivery 3.5"
E26-A204,E26-A204,Wadi Zaha,Al Ahly Sabbour,1 BD Room APT,1,,80.0,75320.0,available,false,availability_wadi_zaha,"project inferred: Wadi Zaha (E2x unit codes match main-tab WAZ1–WAZ5 refs); bldg A; floor Second; terrace 9.0 sqm; view Central Park; position Middle; gross price + 5% (3,766.00) = 79,086.00 OMR total; delivery 3.5"
E22-517,E22-517,Wadi Zaha,Al Ahly Sabbour,1 BD Room APT,1,,81.0,75075.0,available,false,availability_wadi_zaha,"project inferred: Wadi Zaha (E2x unit codes match main-tab WAZ1–WAZ5 refs); bldg E22; floor Fifth; terrace 8.0 sqm; view Inner Court High; position Middle; gross price + 5% (3,753.75) = 78,828.75 OMR total; delivery 3.5"
E22-518,E22-518,Wadi Zaha,Al Ahly Sabbour,1 BD Room APT,1,,81.0,75075.0,available,false,availability_wadi_zaha,"project inferred: Wadi Zaha (E2x unit codes match main-tab WAZ1–WAZ5 refs); bldg E22; floor Fifth; terrace 8.0 sqm; view Inner Court High; position Middle; gross price + 5% (3,753.75) = 78,828.75 OMR total; delivery 3.5"
E22-313,E22-313,Wadi Zaha,Al Ahly Sabbour,1 BD Room APT,1,,80.0,74865.0,available,false,availability_wadi_zaha,"project inferred: Wadi Zaha (E2x unit codes match main-tab WAZ1–WAZ5 refs); bldg E22; floor Third; view Central Park; position Corner; gross price + 5% (3,743.25) = 78,608.25 OMR total; delivery 3.5"
E22-513,E22-513,Wadi Zaha,Al Ahly Sabbour,1 BD Room APT,1,,80.0,74865.0,available,false,availability_wadi_zaha,"project inferred: Wadi Zaha (E2x unit codes match main-tab WAZ1–WAZ5 refs); bldg E22; floor Fifth; view Central Park; position Corner; gross price + 5% (3,743.25) = 78,608.25 OMR total; delivery 3.5"
E22-110,E22-110,Wadi Zaha,Al Ahly Sabbour,1 BD Room APT,1,,83.0,74760.0,available,false,availability_wadi_zaha,"project inferred: Wadi Zaha (E2x unit codes match main-tab WAZ1–WAZ5 refs); bldg E22; floor First; terrace 9.0 sqm; view Inner Court Low; position Middle; gross price + 5% (3,738.00) = 78,498.00 OMR total; delivery 3.5"
E22-104,E22-104,Wadi Zaha,Al Ahly Sabbour,1 BD Room APT,1,,80.0,74445.0,available,false,availability_wadi_zaha,"project inferred: Wadi Zaha (E2x unit codes match main-tab WAZ1–WAZ5 refs); bldg E22; floor First; terrace 4.0 sqm; view Street; position Corner; gross price + 5% (3,722.25) = 78,167.25 OMR total; delivery 3.5"
E22-305,E22-305,Wadi Zaha,Al Ahly Sabbour,1 BD Room APT,1,,80.0,74445.0,available,false,availability_wadi_zaha,"project inferred: Wadi Zaha (E2x unit codes match main-tab WAZ1–WAZ5 refs); bldg E22; floor Third; terrace 7.0 sqm; view Boulevard View; position Corner; gross price + 5% (3,722.25) = 78,167.25 OMR total; delivery 3.5"
E22-505,E22-505,Wadi Zaha,Al Ahly Sabbour,1 BD Room APT,1,,80.0,74445.0,available,false,availability_wadi_zaha,"project inferred: Wadi Zaha (E2x unit codes match main-tab WAZ1–WAZ5 refs); bldg E22; floor Fifth; terrace 7.0 sqm; view Boulevard View; position Corner; gross price + 5% (3,722.25) = 78,167.25 OMR total; delivery 3.5"
E22-508,E22-508,Wadi Zaha,Al Ahly Sabbour,1 BD Room APT,1,,80.0,74445.0,available,false,availability_wadi_zaha,"project inferred: Wadi Zaha (E2x unit codes match main-tab WAZ1–WAZ5 refs); bldg E22; floor Fifth; terrace 7.0 sqm; view Boulevard View; position Middle; gross price + 5% (3,722.25) = 78,167.25 OMR total; delivery 3.5"
E22-317,E22-317,Wadi Zaha,Al Ahly Sabbour,1 BD Room APT,1,,81.0,74340.0,available,false,availability_wadi_zaha,"project inferred: Wadi Zaha (E2x unit codes match main-tab WAZ1–WAZ5 refs); bldg E22; floor Third; terrace 8.0 sqm; view Inner Court High; position Middle; gross price + 5% (3,717.00) = 78,057.00 OMR total; delivery 3.5"
E22-318,E22-318,Wadi Zaha,Al Ahly Sabbour,1 BD Room APT,1,,81.0,74340.0,available,false,availability_wadi_zaha,"project inferred: Wadi Zaha (E2x unit codes match main-tab WAZ1–WAZ5 refs); bldg E22; floor Third; terrace 8.0 sqm; view Inner Court High; position Middle; gross price + 5% (3,717.00) = 78,057.00 OMR total; delivery 3.5"
E26-A105,E26-A105,Wadi Zaha,Al Ahly Sabbour,1 BD Room APT,1,,80.0,73850.0,available,false,availability_wadi_zaha,"project inferred: Wadi Zaha (E2x unit codes match main-tab WAZ1–WAZ5 refs); bldg A; floor First; terrace 9.0 sqm; view Inner Court Low; position Middle; gross price + 5% (3,692.50) = 77,542.50 OMR total; delivery 3.5"
E22-105,E22-105,Wadi Zaha,Al Ahly Sabbour,1 BD Room APT,1,,80.0,73815.0,available,false,availability_wadi_zaha,"project inferred: Wadi Zaha (E2x unit codes match main-tab WAZ1–WAZ5 refs); bldg E22; floor First; terrace 7.0 sqm; view Boulevard View; position Corner; gross price + 5% (3,690.75) = 77,505.75 OMR total; delivery 3.5"
E22-308,E22-308,Wadi Zaha,Al Ahly Sabbour,1 BD Room APT,1,,80.0,73815.0,available,false,availability_wadi_zaha,"project inferred: Wadi Zaha (E2x unit codes match main-tab WAZ1–WAZ5 refs); bldg E22; floor Third; terrace 7.0 sqm; view Boulevard View; position Middle; gross price + 5% (3,690.75) = 77,505.75 OMR total; delivery 3.5"
E22-117,E22-117,Wadi Zaha,Al Ahly Sabbour,1 BD Room APT,1,,81.0,73605.0,available,false,availability_wadi_zaha,"project inferred: Wadi Zaha (E2x unit codes match main-tab WAZ1–WAZ5 refs); bldg E22; floor First; terrace 8.0 sqm; view Inner Court High; position Middle; gross price + 5% (3,680.25) = 77,285.25 OMR total; delivery 3.5"
E22-118,E22-118,Wadi Zaha,Al Ahly Sabbour,1 BD Room APT,1,,81.0,73605.0,available,false,availability_wadi_zaha,"project inferred: Wadi Zaha (E2x unit codes match main-tab WAZ1–WAZ5 refs); bldg E22; floor First; terrace 8.0 sqm; view Inner Court High; position Middle; gross price + 5% (3,680.25) = 77,285.25 OMR total; delivery 3.5"
E22-108,E22-108,Wadi Zaha,Al Ahly Sabbour,1 BD Room APT,1,,80.0,73080.0,available,false,availability_wadi_zaha,"project inferred: Wadi Zaha (E2x unit codes match main-tab WAZ1–WAZ5 refs); bldg E22; floor First; terrace 7.0 sqm; view Boulevard View; position Middle; gross price + 5% (3,654.00) = 76,734.00 OMR total; delivery 3.5"
E22-113,E22-113,Wadi Zaha,Al Ahly Sabbour,1 BD Room APT,1,,80.0,73080.0,available,false,availability_wadi_zaha,"project inferred: Wadi Zaha (E2x unit codes match main-tab WAZ1–WAZ5 refs); bldg E22; floor First; view Boulevard View; position Corner; gross price + 5% (3,654.00) = 76,734.00 OMR total; delivery 3.5"
E22-522,E22-522,Wadi Zaha,Al Ahly Sabbour,1 BD Room APT,1,,80.0,73080.0,available,false,availability_wadi_zaha,"project inferred: Wadi Zaha (E2x unit codes match main-tab WAZ1–WAZ5 refs); bldg E22; floor Fifth; terrace 7.0 sqm; view Street; position Middle; gross price + 5% (3,654.00) = 76,734.00 OMR total; delivery 3.5"
E22-523,E22-523,Wadi Zaha,Al Ahly Sabbour,1 BD Room APT,1,,80.0,73080.0,available,false,availability_wadi_zaha,"project inferred: Wadi Zaha (E2x unit codes match main-tab WAZ1–WAZ5 refs); bldg E22; floor Fifth; terrace 7.0 sqm; view Street; position Middle; gross price + 5% (3,654.00) = 76,734.00 OMR total; delivery 3.5"
E26-A502,E26-A502,Wadi Zaha,Al Ahly Sabbour,1 BD Room APT,1,,78.0,72590.0,available,false,availability_wadi_zaha,"project inferred: Wadi Zaha (E2x unit codes match main-tab WAZ1–WAZ5 refs); bldg A; floor Fifth; terrace 5.0 sqm; view Inner Court Low; position Middle; gross price + 5% (3,629.50) = 76,219.50 OMR total; delivery 3.5"
E22-322,E22-322,Wadi Zaha,Al Ahly Sabbour,1 BD Room APT,1,,80.0,72345.0,available,false,availability_wadi_zaha,"project inferred: Wadi Zaha (E2x unit codes match main-tab WAZ1–WAZ5 refs); bldg E22; floor Third; terrace 7.0 sqm; view Street; position Middle; gross price + 5% (3,617.25) = 75,962.25 OMR total; delivery 3.5"
E22-323,E22-323,Wadi Zaha,Al Ahly Sabbour,1 BD Room APT,1,,80.0,72345.0,available,false,availability_wadi_zaha,"project inferred: Wadi Zaha (E2x unit codes match main-tab WAZ1–WAZ5 refs); bldg E22; floor Third; terrace 7.0 sqm; view Street; position Middle; gross price + 5% (3,617.25) = 75,962.25 OMR total; delivery 3.5"
E26-D105,E26-D105,Wadi Zaha,Al Ahly Sabbour,1 BD Room APT,1,,76.0,72296.0,available,false,availability_wadi_zaha,"project inferred: Wadi Zaha (E2x unit codes match main-tab WAZ1–WAZ5 refs); bldg D; floor First; view Inner Court Low; gross price + 5% (3,614.80) = 75,910.80 OMR total; delivery 3.5"
E22-122,E22-122,Wadi Zaha,Al Ahly Sabbour,1 BD Room APT,1,,80.0,71715.0,available,false,availability_wadi_zaha,"project inferred: Wadi Zaha (E2x unit codes match main-tab WAZ1–WAZ5 refs); bldg E22; floor First; terrace 7.0 sqm; view Street; position Middle; gross price + 5% (3,585.75) = 75,300.75 OMR total; delivery 3.5"
E22-123,E22-123,Wadi Zaha,Al Ahly Sabbour,1 BD Room APT,1,,80.0,71715.0,available,false,availability_wadi_zaha,"project inferred: Wadi Zaha (E2x unit codes match main-tab WAZ1–WAZ5 refs); bldg E22; floor First; terrace 7.0 sqm; view Street; position Middle; gross price + 5% (3,585.75) = 75,300.75 OMR total; delivery 3.5"
E22-521,E22-521,Wadi Zaha,Al Ahly Sabbour,1 BD Room APT,1,,78.0,70875.0,available,false,availability_wadi_zaha,"project inferred: Wadi Zaha (E2x unit codes match main-tab WAZ1–WAZ5 refs); bldg E22; floor Fifth; terrace 4.0 sqm; view Street; position Middle; gross price + 5% (3,543.75) = 74,418.75 OMR total; delivery 3.5"
E22-321,E22-321,Wadi Zaha,Al Ahly Sabbour,1 BD Room APT,1,,78.0,70245.0,available,false,availability_wadi_zaha,"project inferred: Wadi Zaha (E2x unit codes match main-tab WAZ1–WAZ5 refs); bldg E22; floor Third; terrace 4.0 sqm; view Street; position Middle; gross price + 5% (3,512.25) = 73,757.25 OMR total; delivery 3.5"
E27-A106,E27-A106,Wadi Zaha,Al Ahly Sabbour,1 BD Room APT,1,,75.0,69650.0,available,false,availability_wadi_zaha,"project inferred: Wadi Zaha (E2x unit codes match main-tab WAZ1–WAZ5 refs); bldg A; floor First; view Inner Court Low; position Middle; gross price + 5% (3,482.50) = 73,132.50 OMR total; delivery 3"
E22-121,E22-121,Wadi Zaha,Al Ahly Sabbour,1 BD Room APT,1,,78.0,69510.0,available,false,availability_wadi_zaha,"project inferred: Wadi Zaha (E2x unit codes match main-tab WAZ1–WAZ5 refs); bldg E22; floor First; terrace 4.0 sqm; view Street; position Middle; gross price + 5% (3,475.50) = 72,985.50 OMR total; delivery 3.5"
E26-B101,E26-B101,Wadi Zaha,Al Ahly Sabbour,1 BD Room APT,1,,85.0,69230.0,available,false,availability_wadi_zaha,"project inferred: Wadi Zaha (E2x unit codes match main-tab WAZ1–WAZ5 refs); bldg B; floor First; terrace 8.0 sqm; view Inner Court Low; position Middle; gross price + 5% (3,461.50) = 72,691.50 OMR total; delivery 3.5"
E26-A108,E26-A108,Wadi Zaha,Al Ahly Sabbour,Studio,0,,54.0,54950.0,available,false,availability_wadi_zaha,"project inferred: Wadi Zaha (E2x unit codes match main-tab WAZ1–WAZ5 refs); bldg A; floor First; terrace 6.0 sqm; view Inner Court High; position Middle; gross price + 5% (2,747.50) = 57,697.50 OMR total; delivery 3.5"
E26-A207,E26-A207,Wadi Zaha,Al Ahly Sabbour,Studio,0,,54.0,54950.0,available,false,availability_wadi_zaha,"project inferred: Wadi Zaha (E2x unit codes match main-tab WAZ1–WAZ5 refs); bldg A; floor Second; terrace 3.0 sqm; view Inner Court High; position Middle; gross price + 5% (2,747.50) = 57,697.50 OMR total; delivery 3.5"
E22-511,E22-511,Wadi Zaha,Al Ahly Sabbour,Studio,0,,56.0,54915.0,available,false,availability_wadi_zaha,"project inferred: Wadi Zaha (E2x unit codes match main-tab WAZ1–WAZ5 refs); bldg E22; floor Fifth; terrace 6.0 sqm; view Boulevard View; position Middle; gross price + 5% (2,745.75) = 57,660.75 OMR total; delivery 3.5"
E22-111,E22-111,Wadi Zaha,Al Ahly Sabbour,Studio,0,,56.0,53865.0,available,false,availability_wadi_zaha,"project inferred: Wadi Zaha (E2x unit codes match main-tab WAZ1–WAZ5 refs); bldg E22; floor First; terrace 6.0 sqm; view Boulevard View; position Middle; gross price + 5% (2,693.25) = 56,558.25 OMR total; delivery 3.5"
E22-524,E22-524,Wadi Zaha,Al Ahly Sabbour,Studio,0,,56.0,53865.0,available,false,availability_wadi_zaha,"project inferred: Wadi Zaha (E2x unit codes match main-tab WAZ1–WAZ5 refs); bldg E22; floor Fifth; terrace 6.0 sqm; view Street; position Middle; gross price + 5% (2,693.25) = 56,558.25 OMR total; delivery 3.5"
E26-A101,E26-A101,Wadi Zaha,Al Ahly Sabbour,Studio,0,,54.0,53585.0,available,false,availability_wadi_zaha,"project inferred: Wadi Zaha (E2x unit codes match main-tab WAZ1–WAZ5 refs); bldg A; floor First; terrace 5.0 sqm; view Inner Court Low; position Middle; gross price + 5% (2,679.25) = 56,264.25 OMR total; delivery 3.5"
E22-315,E22-315,Wadi Zaha,Al Ahly Sabbour,Studio,0,,55.0,53445.0,available,false,availability_wadi_zaha,"project inferred: Wadi Zaha (E2x unit codes match main-tab WAZ1–WAZ5 refs); bldg E22; floor Third; terrace 4.0 sqm; view Central Park; position Middle; gross price + 5% (2,672.25) = 56,117.25 OMR total; delivery 3.5"
E22-324,E22-324,Wadi Zaha,Al Ahly Sabbour,Studio,0,,56.0,53340.0,available,false,availability_wadi_zaha,"project inferred: Wadi Zaha (E2x unit codes match main-tab WAZ1–WAZ5 refs); bldg E22; floor Third; terrace 6.0 sqm; view Street; position Middle; gross price + 5% (2,667.00) = 56,007.00 OMR total; delivery 3.5"
E27-D214,E27-D214,Wadi Zaha,Al Ahly Sabbour,Studio,0,,53.0,53060.0,available,false,availability_wadi_zaha,"project inferred: Wadi Zaha (E2x unit codes match main-tab WAZ1–WAZ5 refs); bldg D; floor Second; terrace 7.0 sqm; view Inner Court Low; position Middle; gross price + 5% (2,653.00) = 55,713.00 OMR total; delivery 3"
E27-D215,E27-D215,Wadi Zaha,Al Ahly Sabbour,Studio,0,,53.0,53060.0,available,false,availability_wadi_zaha,"project inferred: Wadi Zaha (E2x unit codes match main-tab WAZ1–WAZ5 refs); bldg D; floor Second; terrace 5.0 sqm; view Inner Court Low; position Middle; gross price + 5% (2,653.00) = 55,713.00 OMR total; delivery 3"
E22-124,E22-124,Wadi Zaha,Al Ahly Sabbour,Studio,0,,56.0,52920.0,available,false,availability_wadi_zaha,"project inferred: Wadi Zaha (E2x unit codes match main-tab WAZ1–WAZ5 refs); bldg E22; floor First; terrace 6.0 sqm; view Street; position Middle; gross price + 5% (2,646.00) = 55,566.00 OMR total; delivery 3.5"
E26-C308,E26-C308,Wadi Zaha,Al Ahly Sabbour,Studio,0,,52.0,52850.0,available,false,availability_wadi_zaha,"project inferred: Wadi Zaha (E2x unit codes match main-tab WAZ1–WAZ5 refs); bldg C; floor Third; gross price + 5% (2,642.50) = 55,492.50 OMR total; delivery 3.5"
E22-509,E22-509,Wadi Zaha,Al Ahly Sabbour,Studio,0,,54.0,52710.0,available,false,availability_wadi_zaha,"project inferred: Wadi Zaha (E2x unit codes match main-tab WAZ1–WAZ5 refs); bldg E22; floor Fifth; terrace 4.0 sqm; view Boulevard View; position Middle; gross price + 5% (2,635.50) = 55,345.50 OMR total; delivery 3.5"
E22-115,E22-115,Wadi Zaha,Al Ahly Sabbour,Studio,0,,55.0,52395.0,available,false,availability_wadi_zaha,"project inferred: Wadi Zaha (E2x unit codes match main-tab WAZ1–WAZ5 refs); bldg E22; floor First; terrace 4.0 sqm; view Inner Court High; position Middle; gross price + 5% (2,619.75) = 55,014.75 OMR total; delivery 3.5"
E22-506,E22-506,Wadi Zaha,Al Ahly Sabbour,Studio,0,,55.0,52395.0,available,false,availability_wadi_zaha,"project inferred: Wadi Zaha (E2x unit codes match main-tab WAZ1–WAZ5 refs); bldg E22; floor Fifth; terrace 4.0 sqm; view Inner Court Low; position Middle; gross price + 5% (2,619.75) = 55,014.75 OMR total; delivery 3.5"
E22-309,E22-309,Wadi Zaha,Al Ahly Sabbour,Studio,0,,54.0,52290.0,available,false,availability_wadi_zaha,"project inferred: Wadi Zaha (E2x unit codes match main-tab WAZ1–WAZ5 refs); bldg E22; floor Third; terrace 4.0 sqm; view Boulevard View; position Middle; gross price + 5% (2,614.50) = 54,904.50 OMR total; delivery 3.5"
E22-306,E22-306,Wadi Zaha,Al Ahly Sabbour,Studio,0,,55.0,51975.0,available,false,availability_wadi_zaha,"project inferred: Wadi Zaha (E2x unit codes match main-tab WAZ1–WAZ5 refs); bldg E22; floor Third; terrace 4.0 sqm; view Inner Court Low; position Middle; gross price + 5% (2,598.75) = 54,573.75 OMR total; delivery 3.5"
E26-A102,E26-A102,Wadi Zaha,Al Ahly Sabbour,Studio,0,,52.0,51800.0,available,false,availability_wadi_zaha,"project inferred: Wadi Zaha (E2x unit codes match main-tab WAZ1–WAZ5 refs); bldg A; floor First; terrace 4.0 sqm; view Inner Court Low; position Middle; gross price + 5% (2,590.00) = 54,390.00 OMR total; delivery 3.5"
E22-109,E22-109,Wadi Zaha,Al Ahly Sabbour,Studio,0,,54.0,51765.0,available,false,availability_wadi_zaha,"project inferred: Wadi Zaha (E2x unit codes match main-tab WAZ1–WAZ5 refs); bldg E22; floor First; terrace 4.0 sqm; view Boulevard View; position Middle; gross price + 5% (2,588.25) = 54,353.25 OMR total; delivery 3.5"
E26-D203,E26-D203,Wadi Zaha,Al Ahly Sabbour,Studio,0,,52.0,51695.0,available,false,availability_wadi_zaha,"project inferred: Wadi Zaha (E2x unit codes match main-tab WAZ1–WAZ5 refs); bldg D; floor Second; view Inner Court Low; position Middle; gross price + 5% (2,584.75) = 54,279.75 OMR total; delivery 3.5"
E26-C208,E26-C208,Wadi Zaha,Al Ahly Sabbour,Studio,0,,52.0,51485.0,available,false,availability_wadi_zaha,"project inferred: Wadi Zaha (E2x unit codes match main-tab WAZ1–WAZ5 refs); bldg C; floor Second; view Inner Court Low; position Middle; gross price + 5% (2,574.25) = 54,059.25 OMR total; delivery 3.5"
E26-C304,E26-C304,Wadi Zaha,Al Ahly Sabbour,Studio,0,,52.0,51485.0,available,false,availability_wadi_zaha,"project inferred: Wadi Zaha (E2x unit codes match main-tab WAZ1–WAZ5 refs); bldg C; floor Third; view Inner Court High; position Middle; gross price + 5% (2,574.25) = 54,059.25 OMR total; delivery 3.5"
E26-D103,E26-D103,Wadi Zaha,Al Ahly Sabbour,Studio,0,,52.0,51485.0,available,false,availability_wadi_zaha,"project inferred: Wadi Zaha (E2x unit codes match main-tab WAZ1–WAZ5 refs); bldg D; floor First; view Inner Court Low; position Middle; gross price + 5% (2,574.25) = 54,059.25 OMR total; delivery 3.5"
E22-106,E22-106,Wadi Zaha,Al Ahly Sabbour,Studio,0,,55.0,51450.0,available,false,availability_wadi_zaha,"project inferred: Wadi Zaha (E2x unit codes match main-tab WAZ1–WAZ5 refs); bldg E22; floor First; terrace 4.0 sqm; view Inner Court Low; position Middle; gross price + 5% (2,572.50) = 54,022.50 OMR total; delivery 3.5"
E26-D215,E26-D215,Wadi Zaha,Al Ahly Sabbour,Studio,0,,52.0,50699.6,available,false,availability_wadi_zaha,"project inferred: Wadi Zaha (E2x unit codes match main-tab WAZ1–WAZ5 refs); bldg D; floor Second; terrace 5.0 sqm; view Inner Court Low; position Middle; gross price + 5% (2,534.98) = 53,234.58 OMR total; delivery 3.5"
E26-D102,E26-D102,Wadi Zaha,Al Ahly Sabbour,Studio,0,,52.0,50500.1,available,false,availability_wadi_zaha,"project inferred: Wadi Zaha (E2x unit codes match main-tab WAZ1–WAZ5 refs); bldg D; floor First; terrace 5.0 sqm; view Inner Court Low; position Middle; gross price + 5% (2,525.01) = 53,025.11 OMR total; delivery 3.5"
E26-D115,E26-D115,Wadi Zaha,Al Ahly Sabbour,Studio,0,,52.0,50500.1,available,false,availability_wadi_zaha,"project inferred: Wadi Zaha (E2x unit codes match main-tab WAZ1–WAZ5 refs); bldg D; floor First; view Inner Court High; gross price + 5% (2,525.01) = 53,025.11 OMR total; delivery 3.5"
E26-D501,E26-D501,Wadi Zaha,Al Ahly Sabbour,Studio,0,,52.0,48125.0,available,false,availability_wadi_zaha,"project inferred: Wadi Zaha (E2x unit codes match main-tab WAZ1–WAZ5 refs); bldg D; floor Fifth; terrace 5.0 sqm; view Inner Court High; position Middle; gross price + 5% (2,406.25) = 50,531.25 OMR total; delivery 3.5"
E26-D503,E26-D503,Wadi Zaha,Al Ahly Sabbour,Studio,0,,52.0,48125.0,available,false,availability_wadi_zaha,"project inferred: Wadi Zaha (E2x unit codes match main-tab WAZ1–WAZ5 refs); bldg D; floor Fifth; view Inner Court High; position Middle; gross price + 5% (2,406.25) = 50,531.25 OMR total; delivery 3.5"
UNMATCHED-007,UNMATCHED-007,Wadi Zaha,Al Ahly Sabbour,Garden Row Homes 3+1 BR,3,,225.0,149500.0,hold,true,availability_phase3_garden,no unit code; Garden Row Homes — Wadi Zaha phase 3 (heading in availability tab); +1 maid room (sheet beds '3+1'); delivery 5.6.2026; sheet type 'Garden Row Homes' mapped to townhouse
UNMATCHED-008,UNMATCHED-008,Wadi Zaha,Al Ahly Sabbour,Garden Row Homes 3+1 BR,3,,225.0,149500.0,hold,true,availability_phase3_garden,no unit code; Garden Row Homes — Wadi Zaha phase 3 (heading in availability tab); +1 maid room (sheet beds '3+1'); delivery 5.6.2026; sheet type 'Garden Row Homes' mapped to townhouse
UNMATCHED-009,UNMATCHED-009,Wadi Zaha,Al Ahly Sabbour,Garden Row Homes 3+! BR,3,,225.0,149500.0,hold,true,availability_phase3_garden,"no unit code; Garden Row Homes — Wadi Zaha phase 3 (heading in availability tab); position middle; sheet beds '3+!' — typo, assumed 3+1 maid room; delivery 5.6.2026; sheet type 'Garden Row Homes' mapped to townhouse"
UNMATCHED-010,UNMATCHED-010,Wadi Zaha,Al Ahly Sabbour,Garden Row Homes 3+! BR,3,,225.0,149500.0,hold,true,availability_phase3_garden,"no unit code; Garden Row Homes — Wadi Zaha phase 3 (heading in availability tab); position middle; sheet beds '3+!' — typo, assumed 3+1 maid room; delivery 5.6.2026; sheet type 'Garden Row Homes' mapped to townhouse"
UNMATCHED-011,UNMATCHED-011,Wadi Zaha,Al Ahly Sabbour,Garden Row Homes 3+1 BR,3,,225.0,149500.0,hold,true,availability_phase3_garden,no unit code; Garden Row Homes — Wadi Zaha phase 3 (heading in availability tab); +1 maid room (sheet beds '3+1'); delivery 5.6.2026; sheet type 'Garden Row Homes' mapped to townhouse
UNMATCHED-012,UNMATCHED-012,Wadi Zaha,Al Ahly Sabbour,Garden Row Homes 3+1 BR,3,,225.0,149500.0,hold,true,availability_phase3_garden,no unit code; Garden Row Homes — Wadi Zaha phase 3 (heading in availability tab); +1 maid room (sheet beds '3+1'); sheet type 'Garden Row Homes' mapped to townhouse
UNMATCHED-013,UNMATCHED-013,Wadi Zaha,Al Ahly Sabbour,Garden Row Homes 3+! BR,3,,225.0,149500.0,hold,true,availability_phase3_garden,"no unit code; Garden Row Homes — Wadi Zaha phase 3 (heading in availability tab); position middle; sheet beds '3+!' — typo, assumed 3+1 maid room; sheet type 'Garden Row Homes' mapped to townhouse"
UNMATCHED-014,UNMATCHED-014,Wadi Zaha,Al Ahly Sabbour,Garden Row Homes 3+! BR,3,,225.0,149500.0,hold,true,availability_phase3_garden,"no unit code; Garden Row Homes — Wadi Zaha phase 3 (heading in availability tab); position middle; sheet beds '3+!' — typo, assumed 3+1 maid room; sheet type 'Garden Row Homes' mapped to townhouse"
UNMATCHED-015,UNMATCHED-015,Wadi Zaha,Al Ahly Sabbour,Garden Row Homes 3+! BR,3,,225.0,149500.0,hold,true,availability_phase3_garden,"no unit code; Garden Row Homes — Wadi Zaha phase 3 (heading in availability tab); position middle; sheet beds '3+!' — typo, assumed 3+1 maid room; sheet type 'Garden Row Homes' mapped to townhouse"
